Model,Year,Asset,Dividend_Income
A1V12 Tactical Sleeve,2011,TACTICAL,0.0
A1V12 Tactical Sleeve,2012,TACTICAL,0.0
A1V12 Tactical Sleeve,2013,TACTICAL,0.0
A1V12 Tactical Sleeve,2014,TACTICAL,0.0
A1V12 Tactical Sleeve,2015,TACTICAL,0.0
A1V12 Tactical Sleeve,2016,TACTICAL,0.0
A1V12 Tactical Sleeve,2017,TACTICAL,0.0
A1V12 Tactical Sleeve,2018,TACTICAL,0.0
A1V12 Tactical Sleeve,2019,TACTICAL,0.0
A1V12 Tactical Sleeve,2020,TACTICAL,0.0
A1V12 Tactical Sleeve,2021,TACTICAL,0.0
A1V12 Tactical Sleeve,2022,TACTICAL,0.0
A1V12 Tactical Sleeve,2023,TACTICAL,0.0
A1V12 Tactical Sleeve,2024,TACTICAL,0.0
A1V12 Tactical Sleeve,2025,TACTICAL,0.0
A1V12 Tactical Sleeve,2026,TACTICAL,0.0
MWM Aggressive,2011,AVUV,187.51497935074164
MWM Aggressive,2011,IMCB,90.46905612688973
MWM Aggressive,2011,JBND,93.82332918313604
MWM Aggressive,2011,PIMIX,543.0367783568079
MWM Aggressive,2011,VEU,0.0
MWM Aggressive,2011,VOO,0.0
MWM Aggressive,2011,XLF,35.8983875418131
MWM Aggressive,2011,XLG,689.4211252064521
MWM Aggressive,2011,XLV,84.53729540191574
MWM Aggressive,2012,AVUV,751.8594823031856
MWM Aggressive,2012,IMCB,92.26897313797113
MWM Aggressive,2012,JBND,62.34510023377279
MWM Aggressive,2012,PIMIX,425.17339656877516
MWM Aggressive,2012,VEU,0.0
MWM Aggressive,2012,VOO,0.0
MWM Aggressive,2012,XLF,50.06544719426655
MWM Aggressive,2012,XLG,717.7775955082258
MWM Aggressive,2012,XLV,79.18421257142026
MWM Aggressive,2013,AVUV,612.063453524882
MWM Aggressive,2013,IMCB,95.958227251269
MWM Aggressive,2013,JBND,64.75801160900434
MWM Aggressive,2013,PIMIX,301.04237675948093
MWM Aggressive,2013,VEU,0.0
MWM Aggressive,2013,VOO,0.0
MWM Aggressive,2013,XLF,45.55026127563637
MWM Aggressive,2013,XLG,735.4417623265555
MWM Aggressive,2013,XLV,74.32893024614224
MWM Aggressive,2014,AVUV,431.96283645917185
MWM Aggressive,2014,IMCB,111.16415181531869
MWM Aggressive,2014,JBND,62.36687245943776
MWM Aggressive,2014,PIMIX,387.0745284415022
MWM Aggressive,2014,VEU,0.0
MWM Aggressive,2014,VOO,0.0
MWM Aggressive,2014,XLF,47.76789018884776
MWM Aggressive,2014,XLG,714.5675614092573
MWM Aggressive,2014,XLV,65.98659816757387
MWM Aggressive,2015,AVUV,463.32873243073965
MWM Aggressive,2015,IMCB,96.48127649864972
MWM Aggressive,2015,JBND,54.73038484183522
MWM Aggressive,2015,JPIE,208.731200495138
MWM Aggressive,2015,PIMIX,409.84175724801275
MWM Aggressive,2015,VEU,0.0
MWM Aggressive,2015,VOO,0.0
MWM Aggressive,2015,XLF,47.706173900134914
MWM Aggressive,2015,XLG,684.6006992068346
MWM Aggressive,2015,XLV,58.083545019787984
MWM Aggressive,2016,AVUV,440.6244606222626
MWM Aggressive,2016,FBTC,251.82883634764167
MWM Aggressive,2016,IMCB,120.5149817320518
MWM Aggressive,2016,JBND,55.703664925887416
MWM Aggressive,2016,JPIE,190.00118967050756
MWM Aggressive,2016,PIMIX,265.27256806795805
MWM Aggressive,2016,VEU,0.0
MWM Aggressive,2016,VOO,0.0
MWM Aggressive,2016,XLF,44.99769690087487
MWM Aggressive,2016,XLG,629.6775039888366
MWM Aggressive,2016,XLV,53.620732872815076
MWM Aggressive,2017,AVUV,460.9821020598859
MWM Aggressive,2017,FBTC,215.3681549955545
MWM Aggressive,2017,IMCB,98.61070385147097
MWM Aggressive,2017,JBND,59.60591103556797
MWM Aggressive,2017,JPIE,185.36826103483742
MWM Aggressive,2017,PIMIX,259.8814779072552
MWM Aggressive,2017,VEU,0.0
MWM Aggressive,2017,VOO,0.0
MWM Aggressive,2017,XLF,42.54231038803485
MWM Aggressive,2017,XLG,674.2755857268237
MWM Aggressive,2017,XLV,64.67746336656938
MWM Aggressive,2018,AVUV,526.6916410805275
MWM Aggressive,2018,FBTC,246.05579656933463
MWM Aggressive,2018,IMCB,114.74883430235822
MWM Aggressive,2018,JBND,64.818634508285
MWM Aggressive,2018,JPIE,193.9844726587241
MWM Aggressive,2018,PIMIX,275.9557846027503
MWM Aggressive,2018,VEU,0.0
MWM Aggressive,2018,VOO,0.0
MWM Aggressive,2018,XLF,48.655909892571636
MWM Aggressive,2018,XLG,645.9477525679118
MWM Aggressive,2018,XLV,68.7488811495692
MWM Aggressive,2019,AVUV,38.37822212056453
MWM Aggressive,2019,FBTC,229.81993215213296
MWM Aggressive,2019,FIKQX,71.02931390168283
MWM Aggressive,2019,FIWDX,153.1966309017253
MWM Aggressive,2019,IMCB,111.38730857683615
MWM Aggressive,2019,JBND,68.3801581884742
MWM Aggressive,2019,JPIE,172.57756180494096
MWM Aggressive,2019,PIMIX,260.34116009104974
MWM Aggressive,2019,VEU,0.0
MWM Aggressive,2019,VOO,0.0
MWM Aggressive,2019,XLF,58.32609773580619
MWM Aggressive,2019,XLG,621.4822192307199
MWM Aggressive,2019,XLV,94.52608894100048
MWM Aggressive,2020,AVUV,0.0
MWM Aggressive,2020,FBTC,220.3511009741467
MWM Aggressive,2020,FIKQX,147.72293452014895
MWM Aggressive,2020,FIWDX,188.3655643492471
MWM Aggressive,2020,IMCB,101.26485120632059
MWM Aggressive,2020,JBND,102.80060290234596
MWM Aggressive,2020,JPIE,186.5512917609573
MWM Aggressive,2020,PIMIX,256.00142705689603
MWM Aggressive,2020,VEU,0.0
MWM Aggressive,2020,VOO,0.0
MWM Aggressive,2020,XLF,58.43241893182229
MWM Aggressive,2020,XLG,444.0083932191012
MWM Aggressive,2020,XLV,76.15995853268441
MWM Aggressive,2021,AVUV,0.0
MWM Aggressive,2021,FBTC,304.8165214151161
MWM Aggressive,2021,FIKQX,52.63318749076326
MWM Aggressive,2021,FIWDX,202.86632736877428
MWM Aggressive,2021,IMCB,120.92185302173564
MWM Aggressive,2021,JBND,73.84506640486046
MWM Aggressive,2021,JPIE,155.2529645465495
MWM Aggressive,2021,PIMIX,225.71636721280325
MWM Aggressive,2021,VEU,0.0
MWM Aggressive,2021,VOO,0.0
MWM Aggressive,2021,XLF,72.79769551285382
MWM Aggressive,2021,XLG,396.59957092447775
MWM Aggressive,2021,XLV,85.85305289243496
MWM Aggressive,2022,AVUV,0.0
MWM Aggressive,2022,FBTC,263.39026382228496
MWM Aggressive,2022,FIKQX,90.44323517037324
MWM Aggressive,2022,FIWDX,173.62648555064706
MWM Aggressive,2022,IMCB,159.36192452795444
MWM Aggressive,2022,JBND,76.22764424940009
MWM Aggressive,2022,JPIE,204.02727079229334
MWM Aggressive,2022,PIMIX,379.3288519413174
MWM Aggressive,2022,VEU,0.0
MWM Aggressive,2022,VOO,0.0
MWM Aggressive,2022,XLF,74.21917686156138
MWM Aggressive,2022,XLG,532.1404080349388
MWM Aggressive,2022,XLV,90.53853173498344
MWM Aggressive,2023,AVUV,0.0
MWM Aggressive,2023,FBTC,286.62874490962713
MWM Aggressive,2023,FIKQX,116.78553969355995
MWM Aggressive,2023,FIWDX,190.00890306570386
MWM Aggressive,2023,IMCB,164.46767154478124
MWM Aggressive,2023,JBND,108.07601142869353
MWM Aggressive,2023,JPIE,230.23663718192117
MWM Aggressive,2023,PIMIX,338.8362082550085
MWM Aggressive,2023,VEU,0.0
MWM Aggressive,2023,VOO,0.0
MWM Aggressive,2023,XLF,62.98497160641969
MWM Aggressive,2023,XLG,576.2529717524333
MWM Aggressive,2023,XLV,83.17543934046884
MWM Aggressive,2024,AVUV,0.0
MWM Aggressive,2024,FBTC,331.9957116593996
MWM Aggressive,2024,FIKQX,148.69603647955518
MWM Aggressive,2024,FIWDX,211.84713735806827
MWM Aggressive,2024,IMCB,182.38409084527862
MWM Aggressive,2024,JBND,144.30609361219982
MWM Aggressive,2024,JPIE,285.24700866278675
MWM Aggressive,2024,PIMIX,383.30629450445497
MWM Aggressive,2024,VEU,0.0
MWM Aggressive,2024,VOO,0.0
MWM Aggressive,2024,XLF,74.42700495737844
MWM Aggressive,2024,XLG,507.24879500845856
MWM Aggressive,2024,XLV,106.67057878721741
MWM Aggressive,2025,AVUV,0.0
MWM Aggressive,2025,FBTC,258.64934714746914
MWM Aggressive,2025,FIKQX,176.02190712607475
MWM Aggressive,2025,FIWDX,256.0679760286372
MWM Aggressive,2025,IMCB,203.89778226392167
MWM Aggressive,2025,JBND,167.6811084402882
MWM Aggressive,2025,JPIE,301.18734967936456
MWM Aggressive,2025,PIMIX,434.5978117732185
MWM Aggressive,2025,VEU,0.0
MWM Aggressive,2025,VOO,0.0
MWM Aggressive,2025,XLF,71.43221114760266
MWM Aggressive,2025,XLG,479.5461152676362
MWM Aggressive,2025,XLV,134.32527830105644
MWM Aggressive,2026,AVUV,0.0
MWM Aggressive,2026,FBTC,0.0
MWM Aggressive,2026,FIKQX,93.72370475504111
MWM Aggressive,2026,FIWDX,123.48514281582015
MWM Aggressive,2026,IMCB,97.2602965951467
MWM Aggressive,2026,JBND,87.36442112514493
MWM Aggressive,2026,JPIE,158.82251531374746
MWM Aggressive,2026,PIMIX,172.0846054480769
MWM Aggressive,2026,VEU,0.0
MWM Aggressive,2026,VOO,0.0
MWM Aggressive,2026,XLF,44.44529227340778
MWM Aggressive,2026,XLG,261.8411266632254
MWM Aggressive,2026,XLV,69.62871957686798
MWM Balanced,2011,AVUV,104.17498852818981
MWM Balanced,2011,IMCB,50.260586737160956
MWM Balanced,2011,JBND,469.1166459156834
MWM Balanced,2011,PIMIX,2715.1838917840396
MWM Balanced,2011,VEU,0.0
MWM Balanced,2011,VOO,0.0
MWM Balanced,2011,XLF,19.943548634340615
MWM Balanced,2011,XLG,383.0117362258066
MWM Balanced,2011,XLV,46.96516411217541
MWM Balanced,2012,AVUV,335.7149450086842
MWM Balanced,2012,IMCB,41.199285201713664
MWM Balanced,2012,JBND,250.54101398287386
MWM Balanced,2012,PIMIX,1708.6085914603798
MWM Balanced,2012,VEU,0.0
MWM Balanced,2012,VOO,0.0
MWM Balanced,2012,XLF,22.354867162373164
MWM Balanced,2012,XLG,320.49694347984496
MWM Balanced,2012,XLV,35.35677103856841
MWM Balanced,2013,AVUV,214.51765802736793
MWM Balanced,2013,IMCB,33.631699556397955
MWM Balanced,2013,JBND,204.26907076354732
MWM Balanced,2013,PIMIX,949.5913329210068
MWM Balanced,2013,VEU,0.0
MWM Balanced,2013,VOO,0.0
MWM Balanced,2013,XLF,15.964579023810302
MWM Balanced,2013,XLG,257.7596220804241
MWM Balanced,2013,XLV,26.05100492155724
MWM Balanced,2014,AVUV,113.03783366354271
MWM Balanced,2014,IMCB,29.089898115428472
MWM Balanced,2014,JBND,146.88380583097964
MWM Balanced,2014,PIMIX,911.6214688286096
MWM Balanced,2014,VEU,0.0
MWM Balanced,2014,VOO,0.0
MWM Balanced,2014,XLF,12.500100401891178
MWM Balanced,2014,XLG,186.99101480591708
MWM Balanced,2014,XLV,17.267647765328654
MWM Balanced,2015,AVUV,94.76054908626489
MWM Balanced,2015,IMCB,19.73246660009903
MWM Balanced,2015,JBND,100.74171664027286
MWM Balanced,2015,JPIE,384.20960340464364
MWM Balanced,2015,PIMIX,754.3919578740173
MWM Balanced,2015,VEU,0.0
MWM Balanced,2015,VOO,0.0
MWM Balanced,2015,XLF,9.756924009148065
MWM Balanced,2015,XLG,140.01535760871042
MWM Balanced,2015,XLV,11.879316419848108
MWM Balanced,2016,AVUV,79.43330224671428
MWM Balanced,2016,IMCB,21.72576382995213
MWM Balanced,2016,JBND,90.37749382894255
MWM Balanced,2016,JPIE,308.27112309009993
MWM Balanced,2016,PIMIX,430.3966339638023
MWM Balanced,2016,VEU,0.0
MWM Balanced,2016,VOO,0.0
MWM Balanced,2016,XLF,8.111931991441146
MWM Balanced,2016,XLG,113.51472276792335
MWM Balanced,2016,XLV,9.666444470562485
MWM Balanced,2017,AVUV,69.06117418873201
MWM Balanced,2017,IMCB,14.773178752773353
MWM Balanced,2017,JBND,80.36773592033335
MWM Balanced,2017,JPIE,249.9354039227658
MWM Balanced,2017,PIMIX,350.40293192688495
MWM Balanced,2017,VEU,0.0
MWM Balanced,2017,VOO,0.0
MWM Balanced,2017,XLF,6.373396917083564
MWM Balanced,2017,XLG,101.01533979087125
MWM Balanced,2017,XLV,9.689533592919652
MWM Balanced,2018,AVUV,63.799609954091956
MWM Balanced,2018,IMCB,13.899842526754398
MWM Balanced,2018,JBND,70.66493844123613
MWM Balanced,2018,JPIE,211.48086384374812
MWM Balanced,2018,PIMIX,300.8455620731061
MWM Balanced,2018,VEU,0.0
MWM Balanced,2018,VOO,0.0
MWM Balanced,2018,XLF,5.893824452461548
MWM Balanced,2018,XLG,78.24543138753583
MWM Balanced,2018,XLV,8.32774143353478
MWM Balanced,2019,AVUV,3.988891826410656
MWM Balanced,2019,FIKQX,66.44274033620393
MWM Balanced,2019,FIWDX,143.3042698606639
MWM Balanced,2019,IMCB,11.577188837779538
MWM Balanced,2019,JBND,63.964648468295415
MWM Balanced,2019,JPIE,161.43371654599576
MWM Balanced,2019,PIMIX,243.53015886791235
MWM Balanced,2019,VEU,0.0
MWM Balanced,2019,VOO,0.0
MWM Balanced,2019,XLF,6.062200948076749
MWM Balanced,2019,XLG,64.59458535523501
MWM Balanced,2019,XLV,9.824695432081604
MWM Balanced,2020,AVUV,0.0
MWM Balanced,2020,FIKQX,130.0588517866873
MWM Balanced,2020,FIWDX,165.8416081090834
MWM Balanced,2020,IMCB,9.906225474681403
MWM Balanced,2020,JBND,90.50814228602194
MWM Balanced,2020,JPIE,164.24427855137108
MWM Balanced,2020,PIMIX,225.38986086978773
MWM Balanced,2020,VEU,0.0
MWM Balanced,2020,VOO,0.0
MWM Balanced,2020,XLF,5.71614642271399
MWM Balanced,2020,XLG,43.43508338266223
MWM Balanced,2020,XLV,7.4503414795919545
MWM Balanced,2021,AVUV,0.0
MWM Balanced,2021,FIKQX,45.040976135440566
MWM Balanced,2021,FIWDX,173.60334506256007
MWM Balanced,2021,IMCB,11.497685007119703
MWM Balanced,2021,JBND,63.19309227177339
MWM Balanced,2021,JPIE,132.858095898613
MWM Balanced,2021,PIMIX,193.1573213344586
MWM Balanced,2021,VEU,0.0
MWM Balanced,2021,VOO,0.0
MWM Balanced,2021,XLF,6.921866902755397
MWM Balanced,2021,XLG,37.710114644280395
MWM Balanced,2021,XLV,8.163217271235263
MWM Balanced,2022,AVUV,0.0
MWM Balanced,2022,FIKQX,70.7993870301305
MWM Balanced,2022,FIWDX,135.91562404888745
MWM Balanced,2022,IMCB,13.861028782021371
MWM Balanced,2022,JBND,59.671356043843275
MWM Balanced,2022,JPIE,159.71350076447223
MWM Balanced,2022,PIMIX,296.940397473593
MWM Balanced,2022,VEU,0.0
MWM Balanced,2022,VOO,0.0
MWM Balanced,2022,XLF,6.4554575988167
MWM Balanced,2022,XLG,46.28466638877106
MWM Balanced,2022,XLV,7.874887291791101
MWM Balanced,2023,AVUV,0.0
MWM Balanced,2023,FIKQX,95.39751910410618
MWM Balanced,2023,FIWDX,155.21080784250745
MWM Balanced,2023,IMCB,14.927464364138853
MWM Balanced,2023,JBND,88.28304764457887
MWM Balanced,2023,JPIE,188.07126337438646
MWM Balanced,2023,PIMIX,276.7819863228531
MWM Balanced,2023,VEU,0.0
MWM Balanced,2023,VOO,0.0
MWM Balanced,2023,XLF,5.716660972336611
MWM Balanced,2023,XLG,52.302045865721446
MWM Balanced,2023,XLV,7.549194288850735
MWM Balanced,2024,AVUV,0.0
MWM Balanced,2024,FIKQX,114.96766723532187
MWM Balanced,2024,FIWDX,163.79435369742728
MWM Balanced,2024,IMCB,15.66826001534541
MWM Balanced,2024,JBND,111.57348469552339
MWM Balanced,2024,JPIE,220.5451063002819
MWM Balanced,2024,PIMIX,296.3618369333693
MWM Balanced,2024,VEU,0.0
MWM Balanced,2024,VOO,0.0
MWM Balanced,2024,XLF,6.393878218385162
MWM Balanced,2024,XLG,43.57675044916843
MWM Balanced,2024,XLV,9.163860491775875
MWM Balanced,2025,AVUV,0.0
MWM Balanced,2025,FIKQX,129.1995127335816
MWM Balanced,2025,FIWDX,187.9530694203767
MWM Balanced,2025,IMCB,16.628923919546303
MWM Balanced,2025,JBND,123.07739337010588
MWM Balanced,2025,JPIE,221.07054431708414
MWM Balanced,2025,PIMIX,318.99339368004564
MWM Balanced,2025,VEU,0.0
MWM Balanced,2025,VOO,0.0
MWM Balanced,2025,XLF,5.825668094030233
MWM Balanced,2025,XLG,39.10947818146282
MWM Balanced,2025,XLV,10.954924612416375
MWM Balanced,2026,AVUV,0.0
MWM Balanced,2026,FIKQX,66.70689378590417
MWM Balanced,2026,FIWDX,87.88929468250693
MWM Balanced,2026,IMCB,7.691558562733822
MWM Balanced,2026,JBND,62.18073832968705
MWM Balanced,2026,JPIE,113.04031021324295
MWM Balanced,2026,PIMIX,122.47946800456161
MWM Balanced,2026,VEU,0.0
MWM Balanced,2026,VOO,0.0
MWM Balanced,2026,XLF,3.514831645863966
MWM Balanced,2026,XLG,20.7069732497906
MWM Balanced,2026,XLV,5.506392567389879
MWM Conservative,2011,AVUV,62.50499311691389
MWM Conservative,2011,IMCB,30.15635204229658
MWM Conservative,2011,JBND,656.7633042819568
MWM Conservative,2011,PIMIX,3801.2574484976553
MWM Conservative,2011,VEU,0.0
MWM Conservative,2011,VOO,0.0
MWM Conservative,2011,XLF,11.96612918060437
MWM Conservative,2011,XLG,229.80704173548395
MWM Conservative,2011,XLV,28.17909846730497
MWM Conservative,2012,AVUV,170.39735558392965
MWM Conservative,2012,IMCB,20.911339678781765
MWM Conservative,2012,JBND,296.7206635461285
MWM Conservative,2012,PIMIX,2023.5388487467173
MWM Conservative,2012,VEU,0.0
MWM Conservative,2012,VOO,0.0
MWM Conservative,2012,XLF,11.346561437114092
MWM Conservative,2012,XLG,162.6732215936501
MWM Conservative,2012,XLV,17.945880505268015
MWM Conservative,2013,AVUV,90.51683682985116
MWM Conservative,2013,IMCB,14.191069812391257
MWM Conservative,2013,JBND,201.11558216078262
MWM Conservative,2013,PIMIX,934.931622400676
MWM Conservative,2013,VEU,0.0
MWM Conservative,2013,VOO,0.0
MWM Conservative,2013,XLF,6.736336802498292
MWM Conservative,2013,XLG,108.76300751988086
MWM Conservative,2013,XLV,10.992356449450822
MWM Conservative,2014,AVUV,37.95109991477403
MWM Conservative,2014,IMCB,9.766585169840234
MWM Conservative,2014,JBND,115.0671200724469
MWM Conservative,2014,PIMIX,714.1539969016638
MWM Conservative,2014,VEU,0.0
MWM Conservative,2014,VOO,0.0
MWM Conservative,2014,XLF,4.196759119684737
MWM Conservative,2014,XLG,62.77999547644499
MWM Conservative,2014,XLV,5.797406093128833
MWM Conservative,2015,AVUV,26.311143394676833
MWM Conservative,2015,IMCB,5.478901961334565
MWM Conservative,2015,JBND,65.26769647407423
MWM Conservative,2015,JPIE,248.9184879287044
MWM Conservative,2015,PIMIX,488.74911973974287
MWM Conservative,2015,VEU,0.0
MWM Conservative,2015,VOO,0.0
MWM Conservative,2015,XLF,2.709100244469455
MWM Conservative,2015,XLG,38.87655978170889
MWM Conservative,2015,XLV,3.2984021385188824
MWM Conservative,2016,AVUV,19.953377051530953
MWM Conservative,2016,IMCB,5.4574384442071935
MWM Conservative,2016,JBND,52.9725489702118
MWM Conservative,2016,JPIE,180.6855498217301
MWM Conservative,2016,PIMIX,252.26641947401072
MWM Conservative,2016,VEU,0.0
MWM Conservative,2016,VOO,0.0
MWM Conservative,2016,XLF,2.0376898991165495
MWM Conservative,2016,XLG,28.514514696284966
MWM Conservative,2016,XLV,2.4281781798489463
MWM Conservative,2017,AVUV,15.544285802784463
MWM Conservative,2017,IMCB,3.3251463712616642
MWM Conservative,2017,JBND,42.20805441940768
MWM Conservative,2017,JPIE,131.26271393990746
MWM Conservative,2017,PIMIX,184.0269089345851
MWM Conservative,2017,VEU,0.0
MWM Conservative,2017,VOO,0.0
MWM Conservative,2017,XLF,1.4345238750646172
MWM Conservative,2017,XLG,22.736527877206054
MWM Conservative,2017,XLV,2.180919760391175
MWM Conservative,2018,AVUV,12.622127556296864
MWM Conservative,2018,IMCB,2.7499476174129978
MWM Conservative,2018,JBND,32.62085286432898
MWM Conservative,2018,JPIE,97.6253046453149
MWM Conservative,2018,PIMIX,138.87847398939127
MWM Conservative,2018,VEU,0.0
MWM Conservative,2018,VOO,0.0
MWM Conservative,2018,XLF,1.1660354050271091
MWM Conservative,2018,XLG,15.480091749488947
MWM Conservative,2018,XLV,1.6475620259366766
MWM Conservative,2019,AVUV,0.7243688359339793
MWM Conservative,2019,FIKQX,28.153462831000134
MWM Conservative,2019,FIWDX,60.72162909944656
MWM Conservative,2019,IMCB,2.1023770928770396
MWM Conservative,2019,JBND,27.10343288127286
MWM Conservative,2019,JPIE,68.403532356588
MWM Conservative,2019,PIMIX,103.18986304933371
MWM Conservative,2019,VEU,0.0
MWM Conservative,2019,VOO,0.0
MWM Conservative,2019,XLF,1.1008745373543103
MWM Conservative,2019,XLG,11.730151289540778
MWM Conservative,2019,XLV,1.78413040594952
MWM Conservative,2020,AVUV,0.0
MWM Conservative,2020,FIKQX,53.36033354222574
MWM Conservative,2020,FIWDX,68.04122443271937
MWM Conservative,2020,IMCB,1.7418471546155843
MWM Conservative,2020,JBND,37.133532968524186
MWM Conservative,2020,JPIE,67.38587466755168
MWM Conservative,2020,PIMIX,92.47258443257132
MWM Conservative,2020,VEU,0.0
MWM Conservative,2020,VOO,0.0
MWM Conservative,2020,XLF,1.0050905268831096
MWM Conservative,2020,XLG,7.637346494277537
MWM Conservative,2020,XLV,1.3100202635513853
MWM Conservative,2021,AVUV,0.0
MWM Conservative,2021,FIKQX,18.13701699485619
MWM Conservative,2021,FIWDX,69.90627401802723
MWM Conservative,2021,IMCB,1.984228517496995
MWM Conservative,2021,JBND,25.446477559548963
MWM Conservative,2021,JPIE,53.499052417768084
MWM Conservative,2021,PIMIX,77.78023303023834
MWM Conservative,2021,VEU,0.0
MWM Conservative,2021,VOO,0.0
MWM Conservative,2021,XLF,1.1945505285856257
MWM Conservative,2021,XLG,6.507873961491212
MWM Conservative,2021,XLV,1.408778244844834
MWM Conservative,2022,AVUV,0.0
MWM Conservative,2022,FIKQX,27.279516271895115
MWM Conservative,2022,FIWDX,52.369273709509514
MWM Conservative,2022,IMCB,2.2888948784871666
MWM Conservative,2022,JBND,22.991805387683854
MWM Conservative,2022,JPIE,61.53876785813918
MWM Conservative,2022,PIMIX,114.41328441468775
MWM Conservative,2022,VEU,0.0
MWM Conservative,2022,VOO,0.0
MWM Conservative,2022,XLF,1.0660005161657145
MWM Conservative,2022,XLG,7.643064415763785
MWM Conservative,2022,XLV,1.3003933167084565
MWM Conservative,2023,AVUV,0.0
MWM Conservative,2023,FIKQX,37.44665090276825
MWM Conservative,2023,FIWDX,60.925325859599305
MWM Conservative,2023,IMCB,2.511222299026495
MWM Conservative,2023,JBND,34.65398782720237
MWM Conservative,2023,JPIE,73.82413096862282
MWM Conservative,2023,PIMIX,108.64599536069623
MWM Conservative,2023,VEU,0.0
MWM Conservative,2023,VOO,0.0
MWM Conservative,2023,XLF,0.9617042894568217
MWM Conservative,2023,XLG,8.79868547388645
MWM Conservative,2023,XLV,1.2699882964308715
MWM Conservative,2024,AVUV,0.0
MWM Conservative,2024,FIKQX,43.73433095152148
MWM Conservative,2024,FIWDX,62.30827018461936
MWM Conservative,2024,IMCB,2.5544108633467966
MWM Conservative,2024,JBND,42.44316530403917
MWM Conservative,2024,JPIE,83.89656762307189
MWM Conservative,2024,PIMIX,112.73766763759039
MWM Conservative,2024,VEU,0.0
MWM Conservative,2024,VOO,0.0
MWM Conservative,2024,XLF,1.0423998557570187
MWM Conservative,2024,XLG,7.104357767083834
MWM Conservative,2024,XLV,1.493992617397251
MWM Conservative,2025,AVUV,0.0
MWM Conservative,2025,FIKQX,47.6442101337535
MWM Conservative,2025,FIWDX,69.31044355572733
MWM Conservative,2025,IMCB,2.6280681120616367
MWM Conservative,2025,JBND,45.38658906966456
MWM Conservative,2025,JPIE,81.5229968362624
MWM Conservative,2025,PIMIX,117.63347986544625
MWM Conservative,2025,VEU,0.0
MWM Conservative,2025,VOO,0.0
MWM Conservative,2025,XLF,0.920700138111731
MWM Conservative,2025,XLG,6.1809394874468255
MWM Conservative,2025,XLV,1.7313380097968414
MWM Conservative,2026,AVUV,0.0
MWM Conservative,2026,FIKQX,24.15644874408942
MWM Conservative,2026,FIWDX,31.82719388742965
MWM Conservative,2026,IMCB,1.193713035197805
MWM Conservative,2026,JBND,22.5174001228659
MWM Conservative,2026,JPIE,40.9350863862167
MWM Conservative,2026,PIMIX,44.35327180053356
MWM Conservative,2026,VEU,0.0
MWM Conservative,2026,VOO,0.0
MWM Conservative,2026,XLF,0.5454941697411048
MWM Conservative,2026,XLG,3.2136768752602025
MWM Conservative,2026,XLV,0.8545800608548277
MWM Growth,2011,AVUV,166.6799816451037
MWM Growth,2011,IMCB,80.41693877945755
MWM Growth,2011,JBND,187.6466583662728
MWM Growth,2011,PIMIX,1086.073556713616
MWM Growth,2011,VEU,0.0
MWM Growth,2011,VOO,0.0
MWM Growth,2011,XLF,31.90967781494499
MWM Growth,2011,XLG,612.8187779612906
MWM Growth,2011,XLV,75.14426257948041
MWM Growth,2012,AVUV,630.7580912376802
MWM Growth,2012,IMCB,77.40728520000054
MWM Growth,2012,JBND,117.6822584950024
MWM Growth,2012,PIMIX,802.5548980206796
MWM Growth,2012,VEU,0.0
MWM Growth,2012,VOO,0.0
MWM Growth,2012,XLF,42.001446616699326
MWM Growth,2012,XLG,602.1657460368001
MWM Growth,2012,XLV,66.4300763018999
MWM Growth,2013,AVUV,482.32493164229743
MWM Growth,2013,IMCB,75.61805092746454
MWM Growth,2013,JBND,114.82046105045306
MWM Growth,2013,PIMIX,533.7690833367317
MWM Growth,2013,VEU,0.0
MWM Growth,2013,VOO,0.0
MWM Growth,2013,XLF,35.89501469093508
MWM Growth,2013,XLG,579.5508548961682
MWM Growth,2013,XLV,58.57349592358578
MWM Growth,2014,AVUV,316.392092942275
MWM Growth,2014,IMCB,81.42241805175712
MWM Growth,2014,JBND,102.78168211476171
MWM Growth,2014,PIMIX,637.9055028432041
MWM Growth,2014,VEU,0.0
MWM Growth,2014,VOO,0.0
MWM Growth,2014,XLF,34.98769217317793
MWM Growth,2014,XLG,523.3865212946423
MWM Growth,2014,XLV,48.332023355330506
MWM Growth,2015,AVUV,318.38410405368984
MWM Growth,2015,IMCB,66.29872620854738
MWM Growth,2015,JBND,84.62002780330269
MWM Growth,2015,JPIE,322.72457137582586
MWM Growth,2015,PIMIX,633.6666733388574
MWM Growth,2015,VEU,0.0
MWM Growth,2015,VOO,0.0
MWM Growth,2015,XLF,32.7820969689042
MWM Growth,2015,XLG,470.43484462531165
MWM Growth,2015,XLV,39.91308146241865
MWM Growth,2016,AVUV,291.72849662417883
MWM Growth,2016,FBTC,166.73075237485352
MWM Growth,2016,IMCB,79.7905191003949
MWM Growth,2016,JBND,82.9805939626189
MWM Growth,2016,JPIE,283.04083031950876
MWM Growth,2016,PIMIX,395.1710410716329
MWM Growth,2016,VEU,0.0
MWM Growth,2016,VOO,0.0
MWM Growth,2016,XLF,29.79206022721528
MWM Growth,2016,XLG,416.89667282045434
MWM Growth,2016,XLV,35.50119702111386
MWM Growth,2017,AVUV,292.15166608014135
MWM Growth,2017,FBTC,136.49155796157885
MWM Growth,2017,IMCB,62.49544460578659
MWM Growth,2017,JBND,84.99554280690556
MWM Growth,2017,JPIE,264.3274080053323
MWM Growth,2017,PIMIX,370.58014711002613
MWM Growth,2017,VEU,0.0
MWM Growth,2017,VOO,0.0
MWM Growth,2017,XLF,26.961582246306538
MWM Growth,2017,XLG,427.3283819198336
MWM Growth,2017,XLV,40.98993994765931
MWM Growth,2018,AVUV,317.6223380765602
MWM Growth,2018,FBTC,148.3843890958837
MWM Growth,2018,IMCB,69.19949017588897
MWM Growth,2018,JBND,87.95023583957658
MWM Growth,2018,JPIE,263.21103875413974
MWM Growth,2018,PIMIX,374.43516854717143
MWM Growth,2018,VEU,0.0
MWM Growth,2018,VOO,0.0
MWM Growth,2018,XLF,29.342033660561164
MWM Growth,2018,XLG,389.53994983670304
MWM Growth,2018,XLV,41.45913598718958
MWM Growth,2019,AVUV,22.32607693008343
MWM Growth,2019,FBTC,133.695028111938
MWM Growth,2019,FIKQX,92.97104288275872
MWM Growth,2019,FIWDX,200.52073937773153
MWM Growth,2019,IMCB,64.7982497081031
MWM Growth,2019,JBND,89.50353410523154
MWM Growth,2019,JPIE,225.88865100650975
MWM Growth,2019,PIMIX,340.7633810524336
MWM Growth,2019,VEU,0.0
MWM Growth,2019,VOO,0.0
MWM Growth,2019,XLF,33.93051770325257
MWM Growth,2019,XLG,361.53993255954197
MWM Growth,2019,XLV,54.98943455397445
MWM Growth,2020,AVUV,0.0
MWM Growth,2020,FBTC,126.28561662364739
MWM Growth,2020,FIKQX,190.48865212804716
MWM Growth,2020,FIWDX,242.89730350118919
MWM Growth,2020,IMCB,58.03598947478149
MWM Growth,2020,JBND,132.5613273824285
MWM Growth,2020,JPIE,240.5577998820741
MWM Growth,2020,PIMIX,330.1137155265022
MWM Growth,2020,VEU,0.0
MWM Growth,2020,VOO,0.0
MWM Growth,2020,XLF,33.488255892500604
MWM Growth,2020,XLG,254.46604748449994
MWM Growth,2020,XLV,43.64810197367643
MWM Growth,2021,AVUV,0.0
MWM Growth,2021,FBTC,173.27600580919628
MWM Growth,2021,FIKQX,67.31969131101685
MWM Growth,2021,FIWDX,259.4731420790775
MWM Growth,2021,IMCB,68.73923896703181
MWM Growth,2021,JBND,94.45042780449437
MWM Growth,2021,JPIE,198.57398243699578
MWM Growth,2021,PIMIX,288.6991438106734
MWM Growth,2021,VEU,0.0
MWM Growth,2021,VOO,0.0
MWM Growth,2021,XLF,41.38257943506541
MWM Growth,2021,XLG,225.45099995366115
MWM Growth,2021,XLV,48.80402814999454
MWM Growth,2022,AVUV,0.0
MWM Growth,2022,FBTC,146.66746847279336
MWM Growth,2022,FIKQX,113.31637828392343
MWM Growth,2022,FIWDX,217.53671769594257
MWM Growth,2022,IMCB,88.73984065423859
MWM Growth,2022,JBND,95.50565672695981
MWM Growth,2022,JPIE,255.6258779751091
MWM Growth,2022,PIMIX,475.26132385265475
MWM Growth,2022,VEU,0.0
MWM Growth,2022,VOO,0.0
MWM Growth,2022,XLF,41.328554155534135
MWM Growth,2022,XLG,296.31955785284526
MWM Growth,2022,XLV,50.41590017835017
MWM Growth,2023,AVUV,0.0
MWM Growth,2023,FBTC,161.24679796937824
MWM Growth,2023,FIKQX,147.82331843221772
MWM Growth,2023,FIWDX,240.50705812156923
MWM Growth,2023,IMCB,92.52346764605556
MWM Growth,2023,JBND,136.79908226847684
MWM Growth,2023,JPIE,291.4260089237984
MWM Growth,2023,PIMIX,428.88779587501676
MWM Growth,2023,VEU,0.0
MWM Growth,2023,VOO,0.0
MWM Growth,2023,XLF,35.433030259856054
MWM Growth,2023,XLG,324.1787439871579
MWM Growth,2023,XLV,46.79144538547758
MWM Growth,2024,AVUV,0.0
MWM Growth,2024,FBTC,184.14158974468424
MWM Growth,2024,FIKQX,185.56724700071382
MWM Growth,2024,FIWDX,264.3775247494499
MWM Growth,2024,IMCB,101.15942842913418
MWM Growth,2024,JBND,180.0887579187433
MWM Growth,2024,JPIE,355.9778953490793
MWM Growth,2024,PIMIX,478.35231868481026
MWM Growth,2024,VEU,0.0
MWM Growth,2024,VOO,0.0
MWM Growth,2024,XLF,41.28097602311043
MWM Growth,2024,XLG,281.3458012516723
MWM Growth,2024,XLV,59.164890590560745
MWM Growth,2025,AVUV,0.0
MWM Growth,2025,FBTC,141.4946647725397
MWM Growth,2025,FIKQX,216.65959062429187
MWM Growth,2025,FIWDX,315.1856707166479
MWM Growth,2025,IMCB,111.54270701811889
MWM Growth,2025,JBND,206.39317516358577
MWM Growth,2025,JPIE,370.72162748474125
MWM Growth,2025,PIMIX,534.9321883983273
MWM Growth,2025,VEU,0.0
MWM Growth,2025,VOO,0.0
MWM Growth,2025,XLF,39.07714008080846
MWM Growth,2025,XLG,262.3367024548538
MWM Growth,2025,XLV,73.48292363115665
MWM Growth,2026,AVUV,0.0
MWM Growth,2026,FBTC,0.0
MWM Growth,2026,FIKQX,114.41355332522654
MWM Growth,2026,FIWDX,150.7449370397524
MWM Growth,2026,IMCB,52.769271409690916
MWM Growth,2026,JBND,106.65043471397438
MWM Growth,2026,JPIE,193.88316299050922
MWM Growth,2026,PIMIX,210.07290773815737
MWM Growth,2026,VEU,0.0
MWM Growth,2026,VOO,0.0
MWM Growth,2026,XLF,24.114112057679325
MWM Growth,2026,XLG,142.0637810372508
MWM Growth,2026,XLV,37.777561141473406
MWM Growth Plus,2011,AVUV,177.09748049792273
MWM Growth Plus,2011,IMCB,85.44299745317365
MWM Growth Plus,2011,JBND,140.73499377470506
MWM Growth Plus,2011,PIMIX,814.5551675352121
MWM Growth Plus,2011,VEU,0.0
MWM Growth Plus,2011,VOO,0.0
MWM Growth Plus,2011,XLF,33.90403267837887
MWM Growth Plus,2011,XLG,651.1199515838713
MWM Growth Plus,2011,XLV,79.84077899069796
MWM Growth Plus,2012,AVUV,690.1349915020776
MWM Growth Plus,2012,IMCB,84.69407979987554
MWM Growth Plus,2012,JBND,90.88967211095598
MWM Growth Plus,2012,PIMIX,619.8381341843365
MWM Growth Plus,2012,VEU,0.0
MWM Growth Plus,2012,VOO,0.0
MWM Growth Plus,2012,XLF,45.955285245747135
MWM Growth Plus,2012,XLG,658.8510837942679
MWM Growth Plus,2012,XLV,72.68352286077712
MWM Growth Plus,2013,AVUV,544.7722942594258
MWM Growth Plus,2013,IMCB,85.4084381475262
MWM Growth Plus,2013,JBND,91.54337334337984
MWM Growth Plus,2013,PIMIX,425.5602357630063
MWM Growth Plus,2013,VEU,0.0
MWM Growth Plus,2013,VOO,0.0
MWM Growth Plus,2013,XLF,40.54239833523371
MWM Growth Plus,2013,XLG,654.5862097295528
MWM Growth Plus,2013,XLV,66.15709797218511
MWM Growth Plus,2014,AVUV,370.91403821559766
MWM Growth Plus,2014,IMCB,95.45345334014351
MWM Growth Plus,2014,JBND,85.05418647198192
MWM Growth Plus,2014,PIMIX,527.8813546731851
MWM Growth Plus,2014,VEU,0.0
MWM Growth Plus,2014,VOO,0.0
MWM Growth Plus,2014,XLF,41.01691060327894
MWM Growth Plus,2014,XLG,613.5785706769495
MWM Growth Plus,2014,XLV,56.66079006951342
MWM Growth Plus,2015,AVUV,385.5481748571419
MWM Growth Plus,2015,IMCB,80.28463908722128
MWM Growth Plus,2015,JBND,72.33238134960574
MWM Growth Plus,2015,JPIE,275.8618423277456
MWM Growth Plus,2015,PIMIX,541.652143757547
MWM Growth Plus,2015,VEU,0.0
MWM Growth Plus,2015,VOO,0.0
MWM Growth Plus,2015,XLF,39.69757752798939
MWM Growth Plus,2015,XLG,569.6744700040248
MWM Growth Plus,2015,XLV,48.3328643447757
MWM Growth Plus,2016,AVUV,359.9624168818101
MWM Growth Plus,2016,FBTC,205.72828944678633
MWM Growth Plus,2016,IMCB,98.45314541428962
MWM Growth Plus,2016,JBND,72.27484499994881
MWM Growth Plus,2016,JPIE,246.52429156164538
MWM Growth Plus,2016,PIMIX,344.1880128598104
MWM Growth Plus,2016,VEU,0.0
MWM Growth Plus,2016,VOO,0.0
MWM Growth Plus,2016,XLF,36.76028268534938
MWM Growth Plus,2016,XLG,514.4068394928212
MWM Growth Plus,2016,XLV,43.80475966453226
MWM Growth Plus,2017,AVUV,368.5389453546503
MWM Growth Plus,2017,FBTC,172.17925023633
MWM Growth Plus,2017,IMCB,78.83578263821555
MWM Growth Plus,2017,JBND,75.68389905434083
MWM Growth Plus,2017,JPIE,235.36915235919446
MWM Growth Plus,2017,PIMIX,329.98142631002986
MWM Growth Plus,2017,VEU,0.0
MWM Growth Plus,2017,VOO,0.0
MWM Growth Plus,2017,XLF,34.01107794271735
MWM Growth Plus,2017,XLG,539.059568976217
MWM Growth Plus,2017,XLV,51.70735269507901
MWM Growth Plus,2018,AVUV,410.87034957994086
MWM Growth Plus,2018,FBTC,191.9472861676882
MWM Growth Plus,2018,IMCB,89.51517355957466
MWM Growth Plus,2018,JBND,80.3087925420962
MWM Growth Plus,2018,JPIE,240.34228566086216
MWM Growth Plus,2018,PIMIX,341.90284976800683
MWM Growth Plus,2018,VEU,0.0
MWM Growth Plus,2018,VOO,0.0
MWM Growth Plus,2018,XLF,37.95630905718965
MWM Growth Plus,2018,XLG,503.9016346708586
MWM Growth Plus,2018,XLV,53.63076728008002
MWM Growth Plus,2019,AVUV,29.409658926456125
MWM Growth Plus,2019,FBTC,176.1135728972142
MWM Growth Plus,2019,FIKQX,86.44852710966227
MWM Growth Plus,2019,FIWDX,186.45292164793014
MWM Growth Plus,2019,IMCB,85.35733478454539
MWM Growth Plus,2019,JBND,83.22428634326546
MWM Growth Plus,2019,JPIE,210.0411113482586
MWM Growth Plus,2019,PIMIX,316.8566412881933
MWM Growth Plus,2019,VEU,0.0
MWM Growth Plus,2019,VOO,0.0
MWM Growth Plus,2019,XLF,44.695938116477905
MWM Growth Plus,2019,XLG,476.24874437939803
MWM Growth Plus,2019,XLV,72.43639443936227
MWM Growth Plus,2020,AVUV,0.0
MWM Growth Plus,2020,FBTC,167.605408656813
MWM Growth Plus,2020,FIKQX,178.4578159627836
MWM Growth Plus,2020,FIWDX,227.55645442298422
MWM Growth Plus,2020,IMCB,77.02496921491701
MWM Growth Plus,2020,JBND,124.18905116664786
MWM Growth Plus,2020,JPIE,225.36470860694573
MWM Growth Plus,2020,PIMIX,309.2644734166047
MWM Growth Plus,2020,VEU,0.0
MWM Growth Plus,2020,VOO,0.0
MWM Growth Plus,2020,XLF,44.44538470912009
MWM Growth Plus,2020,XLG,337.72560183973695
MWM Growth Plus,2020,XLV,57.92946310104493
MWM Growth Plus,2021,AVUV,0.0
MWM Growth Plus,2021,FBTC,230.91148919617285
MWM Growth Plus,2021,FIKQX,63.32592675011714
MWM Growth Plus,2021,FIWDX,244.07980590715246
MWM Growth Plus,2021,IMCB,91.60345058719318
MWM Growth Plus,2021,JBND,88.84712267962891
MWM Growth Plus,2021,JPIE,186.7935105077692
MWM Growth Plus,2021,PIMIX,271.57196472147797
MWM Growth Plus,2021,VEU,0.0
MWM Growth Plus,2021,VOO,0.0
MWM Growth Plus,2021,XLF,55.14735291539522
MWM Growth Plus,2021,XLG,300.4410558573902
MWM Growth Plus,2021,XLV,65.03734181925078
MWM Growth Plus,2022,AVUV,0.0
MWM Growth Plus,2022,FBTC,197.49084586564672
MWM Growth Plus,2022,FIKQX,107.70557513496777
MWM Growth Plus,2022,FIWDX,206.76549716148776
MWM Growth Plus,2022,IMCB,119.49007080625518
MWM Growth Plus,2022,JBND,90.77674244623678
MWM Growth Plus,2022,JPIE,242.9686919370618
MWM Growth Plus,2022,PIMIX,451.72899981589575
MWM Growth Plus,2022,VEU,0.0
MWM Growth Plus,2022,VOO,0.0
MWM Growth Plus,2022,XLF,55.64977157899622
MWM Growth Plus,2022,XLG,399.0005468577943
MWM Growth Plus,2022,XLV,67.88607504429206
MWM Growth Plus,2023,AVUV,0.0
MWM Growth Plus,2023,FBTC,216.0186765040879
MWM Growth Plus,2023,FIKQX,139.78979685932052
MWM Growth Plus,2023,FIWDX,227.4365990062871
MWM Growth Plus,2023,IMCB,123.95159022175022
MWM Growth Plus,2023,JBND,129.3646775330684
MWM Growth Plus,2023,JPIE,275.58833761170234
MWM Growth Plus,2023,PIMIX,405.57970485760336
MWM Growth Plus,2023,VEU,0.0
MWM Growth Plus,2023,VOO,0.0
MWM Growth Plus,2023,XLF,47.4688266536427
MWM Growth Plus,2023,XLG,434.2949076121329
MWM Growth Plus,2023,XLV,62.68543767178383
MWM Growth Plus,2024,AVUV,0.0
MWM Growth Plus,2024,FBTC,248.44997331313002
MWM Growth Plus,2024,FIKQX,176.7342477340755
MWM Growth Plus,2024,FIWDX,251.79315697996668
MWM Growth Plus,2024,IMCB,136.48767412314257
MWM Growth Plus,2024,JBND,171.51653468249614
MWM Growth Plus,2024,JPIE,339.0333507735704
MWM Growth Plus,2024,PIMIX,455.58275267340457
MWM Growth Plus,2024,VEU,0.0
MWM Growth Plus,2024,VOO,0.0
MWM Growth Plus,2024,XLF,55.697669415704425
MWM Growth Plus,2024,XLG,379.60113687330124
MWM Growth Plus,2024,XLV,79.82724331141179
MWM Growth Plus,2025,AVUV,0.0
MWM Growth Plus,2025,FBTC,192.23516219945057
MWM Growth Plus,2025,FIKQX,207.77964827577435
MWM Growth Plus,2025,FIWDX,302.26756920552657
MWM Growth Plus,2025,IMCB,151.54232430080486
MWM Growth Plus,2025,JBND,197.93400891436065
MWM Growth Plus,2025,JPIE,355.5273465857161
MWM Growth Plus,2025,PIMIX,513.0076247099348
MWM Growth Plus,2025,VEU,0.0
MWM Growth Plus,2025,VOO,0.0
MWM Growth Plus,2025,XLF,53.090343539106385
MWM Growth Plus,2025,XLG,356.41159070094494
MWM Growth Plus,2025,XLV,99.83416523749185
MWM Growth Plus,2026,AVUV,0.0
MWM Growth Plus,2026,FBTC,0.0
MWM Growth Plus,2026,FIKQX,110.17875039084844
MWM Growth Plus,2026,FIWDX,145.1653961272876
MWM Growth Plus,2026,IMCB,71.98949748351706
MWM Growth Plus,2026,JBND,102.7029690444521
MWM Growth Plus,2026,JPIE,186.70694161029505
MWM Growth Plus,2026,PIMIX,202.2974533425223
MWM Growth Plus,2026,VEU,0.0
MWM Growth Plus,2026,VOO,0.0
MWM Growth Plus,2026,XLF,32.89722906757322
MWM Growth Plus,2026,XLG,193.8078721625463
MWM Growth Plus,2026,XLV,51.537335462017936
MWM Moderate,2011,AVUV,145.8449839394658
MWM Moderate,2011,IMCB,70.36482143202535
MWM Moderate,2011,JBND,281.4699875494101
MWM Moderate,2011,PIMIX,1629.1103350704243
MWM Moderate,2011,VEU,0.0
MWM Moderate,2011,VOO,0.0
MWM Moderate,2011,XLF,27.92096808807687
MWM Moderate,2011,XLG,536.2164307161293
MWM Moderate,2011,XLV,65.75122975704531
MWM Moderate,2012,AVUV,542.4080163284798
MWM Moderate,2012,IMCB,66.56487264764083
MWM Moderate,2012,JBND,173.4832181168222
MWM Moderate,2012,PIMIX,1183.0993745752914
MWM Moderate,2012,VEU,0.0
MWM Moderate,2012,VOO,0.0
MWM Moderate,2012,XLF,36.11831803471199
MWM Moderate,2012,XLG,517.820591358382
MWM Moderate,2012,XLV,57.12523772903221
MWM Moderate,2013,AVUV,405.05115393263554
MWM Moderate,2013,IMCB,63.50320453478357
MWM Moderate,2013,JBND,165.29992433063725
MWM Moderate,2013,PIMIX,768.4343737900965
MWM Moderate,2013,VEU,0.0
MWM Moderate,2013,VOO,0.0
MWM Moderate,2013,XLF,30.144237146287164
MWM Moderate,2013,XLG,486.70041115028295
MWM Moderate,2013,XLV,49.18937537177137
MWM Moderate,2014,AVUV,257.04865800508924
MWM Moderate,2014,IMCB,66.15058896415613
MWM Moderate,2014,JBND,143.14910812673463
MWM Moderate,2014,PIMIX,888.4423948148794
MWM Moderate,2014,VEU,0.0
MWM Moderate,2014,VOO,0.0
MWM Moderate,2014,XLF,28.42529734600985
MWM Moderate,2014,XLG,425.2186003310948
MWM Moderate,2014,XLV,39.26672637936309
MWM Moderate,2015,AVUV,252.76258817460942
MWM Moderate,2015,IMCB,52.63402731414736
MWM Moderate,2015,JBND,115.16427736173358
MWM Moderate,2015,JPIE,439.2144863833455
MWM Moderate,2015,PIMIX,862.3935304407303
MWM Moderate,2015,VEU,0.0
MWM Moderate,2015,VOO,0.0
MWM Moderate,2015,XLF,26.025444016055353
MWM Moderate,2015,XLG,373.4744523393738
MWM Moderate,2015,XLV,31.686675446471753
MWM Moderate,2016,AVUV,232.0723331117483
MWM Moderate,2016,IMCB,63.4739908582912
MWM Moderate,2016,JBND,113.16294979797479
MWM Moderate,2016,JPIE,385.990672549925
MWM Moderate,2016,PIMIX,538.9057675647317
MWM Moderate,2016,VEU,0.0
MWM Moderate,2016,VOO,0.0
MWM Moderate,2016,XLF,23.69982022716988
MWM Moderate,2016,XLG,331.6446101342204
MWM Moderate,2016,XLV,28.241483832700393
MWM Moderate,2017,AVUV,222.7468632568774
MWM Moderate,2017,IMCB,47.6487587442485
MWM Moderate,2017,JBND,111.09194933914208
MWM Moderate,2017,JPIE,345.4845518874573
MWM Moderate,2017,PIMIX,484.36035078175814
MWM Moderate,2017,VEU,0.0
MWM Moderate,2017,VOO,0.0
MWM Moderate,2017,XLF,20.556473130499526
MWM Moderate,2017,XLG,325.81041871302887
MWM Moderate,2017,XLV,31.252194009135952
MWM Moderate,2018,AVUV,230.68003939369532
MWM Moderate,2018,IMCB,50.25761480274088
MWM Moderate,2018,JBND,109.50127927410111
MWM Moderate,2018,JPIE,327.7074266772304
MWM Moderate,2018,PIMIX,466.1855601605878
MWM Moderate,2018,VEU,0.0
MWM Moderate,2018,VOO,0.0
MWM Moderate,2018,XLF,21.310281643597325
MWM Moderate,2018,XLG,282.91174832951754
MWM Moderate,2018,XLV,30.110587248583847
MWM Moderate,2019,AVUV,15.606793910558734
MWM Moderate,2019,FIKQX,111.41205560768412
MWM Moderate,2019,FIWDX,240.29447313200703
MWM Moderate,2019,IMCB,45.296490383252845
MWM Moderate,2019,JBND,107.25675876725671
MWM Moderate,2019,JPIE,270.6941663418628
MWM Moderate,2019,PIMIX,408.35455408144844
MWM Moderate,2019,VEU,0.0
MWM Moderate,2019,VOO,0.0
MWM Moderate,2019,XLF,23.718748203348085
MWM Moderate,2019,XLG,252.73043874049702
MWM Moderate,2019,XLV,38.43974805916916
MWM Moderate,2020,AVUV,0.0
MWM Moderate,2020,FIKQX,225.00524105385372
MWM Moderate,2020,FIWDX,286.9103524806194
MWM Moderate,2020,IMCB,39.988739307140584
MWM Moderate,2020,JBND,156.5814713311762
MWM Moderate,2020,JPIE,284.14693025108096
MWM Moderate,2020,PIMIX,389.930399041799
MWM Moderate,2020,VEU,0.0
MWM Moderate,2020,VOO,0.0
MWM Moderate,2020,XLF,23.074529216356797
MWM Moderate,2020,XLG,175.3356241095506
MWM Moderate,2020,XLV,30.07500323286951
MWM Moderate,2021,AVUV,0.0
MWM Moderate,2021,FIKQX,79.36554619958825
MWM Moderate,2021,FIWDX,305.9019915894838
MWM Moderate,2021,IMCB,47.27280876520186
MWM Moderate,2021,JBND,111.350923414911
MWM Moderate,2021,JPIE,234.1058354579896
MWM Moderate,2021,PIMIX,340.3575505126815
MWM Moderate,2021,VEU,0.0
MWM Moderate,2021,VOO,0.0
MWM Moderate,2021,XLF,28.45930204119475
MWM Moderate,2021,XLG,155.04538844028403
MWM Moderate,2021,XLV,33.56312237923864
MWM Moderate,2022,AVUV,0.0
MWM Moderate,2022,FIKQX,130.13546512584549
MWM Moderate,2022,FIWDX,249.8248035105754
MWM Moderate,2022,IMCB,59.44816060965792
MWM Moderate,2022,JBND,109.68117097045959
MWM Moderate,2022,JPIE,293.567382158497
MWM Moderate,2022,PIMIX,545.8024194960076
MWM Moderate,2022,VEU,0.0
MWM Moderate,2022,VOO,0.0
MWM Moderate,2022,XLF,27.686623134428473
MWM Moderate,2022,XLG,198.5089508516868
MWM Moderate,2022,XLV,33.77437359574394
MWM Moderate,2023,AVUV,0.0
MWM Moderate,2023,FIKQX,172.06073218226788
MWM Moderate,2023,FIWDX,279.94108747041463
MWM Moderate,2023,IMCB,62.821386082408964
MWM Moderate,2023,JBND,159.22893970053434
MWM Moderate,2023,JPIE,339.20881363096373
MWM Moderate,2023,PIMIX,499.2091164299759
MWM Moderate,2023,VEU,0.0
MWM Moderate,2023,VOO,0.0
MWM Moderate,2023,XLF,24.058243066930626
MWM Moderate,2023,XLG,220.11018992105252
MWM Moderate,2023,XLV,31.77035546441016
MWM Moderate,2024,AVUV,0.0
MWM Moderate,2024,FIKQX,213.76411859068259
MWM Moderate,2024,FIWDX,304.5495876383566
MWM Moderate,2024,IMCB,67.9761626551368
MWM Moderate,2024,JBND,207.45317520630664
MWM Moderate,2024,JPIE,410.0685992112027
MWM Moderate,2024,PIMIX,551.0377689607819
MWM Moderate,2024,VEU,0.0
MWM Moderate,2024,VOO,0.0
MWM Moderate,2024,XLF,27.73960256878622
MWM Moderate,2024,XLG,189.05610920509574
MWM Moderate,2024,XLV,39.75706751916599
MWM Moderate,2025,AVUV,0.0
MWM Moderate,2025,FIKQX,247.577172714892
MWM Moderate,2025,FIWDX,360.16304199333007
MWM Moderate,2025,IMCB,74.35165756512866
MWM Moderate,2025,JBND,235.84572751851684
MWM Moderate,2025,JPIE,423.62404605524426
MWM Moderate,2025,PIMIX,611.2676499398816
MWM Moderate,2025,VEU,0.0
MWM Moderate,2025,VOO,0.0
MWM Moderate,2025,XLF,26.04787184733535
MWM Moderate,2025,XLG,174.86727002707522
MWM Moderate,2025,XLV,48.98193096408141
MWM Moderate,2026,AVUV,0.0
MWM Moderate,2026,FIKQX,130.1267700030703
MWM Moderate,2026,FIWDX,171.4477977581885
MWM Moderate,2026,IMCB,35.00959349565029
MWM Moderate,2026,JBND,121.29748780114961
MWM Moderate,2026,JPIE,220.51049919075462
MWM Moderate,2026,PIMIX,238.92369526724747
MWM Moderate,2026,VEU,0.0
MWM Moderate,2026,VOO,0.0
MWM Moderate,2026,XLF,15.998425562739016
MWM Moderate,2026,XLG,94.25173195883536
MWM Moderate,2026,XLV,25.063394348423216
MWM Ultra Aggressive,2011,AVUV,359.3282213001329
MWM Ultra Aggressive,2011,IMCB,99.5226187709346
MWM Ultra Aggressive,2011,VEU,0.0
MWM Ultra Aggressive,2011,VOO,0.0
MWM Ultra Aggressive,2011,XLG,1332.8808420658072
MWM Ultra Aggressive,2011,XLV,136.17118588737247
MWM Ultra Aggressive,2012,AVUV,1530.8938326175205
MWM Ultra Aggressive,2012,IMCB,107.85255905121271
MWM Ultra Aggressive,2012,VEU,0.0
MWM Ultra Aggressive,2012,VOO,0.0
MWM Ultra Aggressive,2012,XLG,1474.5166062691344
MWM Ultra Aggressive,2012,XLV,135.5278358865483
MWM Ultra Aggressive,2013,AVUV,1321.1452462841924
MWM Ultra Aggressive,2013,IMCB,118.90570955489756
MWM Ultra Aggressive,2013,VEU,0.0
MWM Ultra Aggressive,2013,VOO,0.0
MWM Ultra Aggressive,2013,XLG,1601.5989795724342
MWM Ultra Aggressive,2013,XLV,134.86321528398534
MWM Ultra Aggressive,2014,AVUV,997.1175940424629
MWM Ultra Aggressive,2014,IMCB,147.3096265430129
MWM Ultra Aggressive,2014,VEU,0.0
MWM Ultra Aggressive,2014,VOO,0.0
MWM Ultra Aggressive,2014,XLG,1664.1584318238145
MWM Ultra Aggressive,2014,XLV,128.03751712488196
MWM Ultra Aggressive,2015,AVUV,1127.02826337418
MWM Ultra Aggressive,2015,IMCB,134.72710873486332
MWM Ultra Aggressive,2015,VEU,0.0
MWM Ultra Aggressive,2015,VOO,0.0
MWM Ultra Aggressive,2015,XLG,1680.0967447215216
MWM Ultra Aggressive,2015,XLV,118.76273714632222
MWM Ultra Aggressive,2016,AVUV,1114.9923931693024
MWM Ultra Aggressive,2016,FBTC,369.49697718695637
MWM Ultra Aggressive,2016,IMCB,175.0695904488733
MWM Ultra Aggressive,2016,VEU,0.0
MWM Ultra Aggressive,2016,VOO,0.0
MWM Ultra Aggressive,2016,XLG,1607.5809728527386
MWM Ultra Aggressive,2016,XLV,114.05584762420764
MWM Ultra Aggressive,2017,AVUV,1219.3013631783977
MWM Ultra Aggressive,2017,FBTC,330.30155047278396
MWM Ultra Aggressive,2017,IMCB,149.7329664634321
MWM Ultra Aggressive,2017,VEU,0.0
MWM Ultra Aggressive,2017,VOO,0.0
MWM Ultra Aggressive,2017,XLG,1799.3506619585148
MWM Ultra Aggressive,2017,XLV,143.80085993302794
MWM Ultra Aggressive,2018,AVUV,1455.3546934711107
MWM Ultra Aggressive,2018,FBTC,394.2286246029697
MWM Ultra Aggressive,2018,IMCB,182.02334121402686
MWM Ultra Aggressive,2018,VEU,0.0
MWM Ultra Aggressive,2018,VOO,0.0
MWM Ultra Aggressive,2018,XLG,1800.7822203039989
MWM Ultra Aggressive,2018,XLV,159.6833255697981
MWM Ultra Aggressive,2019,AVUV,109.84080468664183
MWM Ultra Aggressive,2019,FBTC,381.38944982581774
MWM Ultra Aggressive,2019,IMCB,183.01257803129087
MWM Ultra Aggressive,2019,VEU,0.0
MWM Ultra Aggressive,2019,VOO,0.0
MWM Ultra Aggressive,2019,XLG,1794.5639503145017
MWM Ultra Aggressive,2019,XLV,227.411305841503
MWM Ultra Aggressive,2020,AVUV,0.0
MWM Ultra Aggressive,2020,FBTC,369.08846556392655
MWM Ultra Aggressive,2020,IMCB,167.93384153470106
MWM Ultra Aggressive,2020,VEU,0.0
MWM Ultra Aggressive,2020,VOO,0.0
MWM Ultra Aggressive,2020,XLG,1294.063764318327
MWM Ultra Aggressive,2020,XLV,184.93594340528597
MWM Ultra Aggressive,2021,AVUV,0.0
MWM Ultra Aggressive,2021,FBTC,518.9864721504999
MWM Ultra Aggressive,2021,IMCB,203.8386687112668
MWM Ultra Aggressive,2021,VEU,0.0
MWM Ultra Aggressive,2021,VOO,0.0
MWM Ultra Aggressive,2021,XLG,1174.9490201973795
MWM Ultra Aggressive,2021,XLV,211.91058869071284
MWM Ultra Aggressive,2022,AVUV,0.0
MWM Ultra Aggressive,2022,FBTC,461.0402450071128
MWM Ultra Aggressive,2022,IMCB,276.1772693450556
MWM Ultra Aggressive,2022,VEU,0.0
MWM Ultra Aggressive,2022,VOO,0.0
MWM Ultra Aggressive,2022,XLG,1620.7446871294287
MWM Ultra Aggressive,2022,XLV,229.74810983174095
MWM Ultra Aggressive,2023,AVUV,0.0
MWM Ultra Aggressive,2023,FBTC,493.1627684418647
MWM Ultra Aggressive,2023,IMCB,280.1659352075932
MWM Ultra Aggressive,2023,VEU,0.0
MWM Ultra Aggressive,2023,VOO,0.0
MWM Ultra Aggressive,2023,XLG,1725.174246126916
MWM Ultra Aggressive,2023,XLV,207.4650873267176
MWM Ultra Aggressive,2024,AVUV,0.0
MWM Ultra Aggressive,2024,FBTC,590.2600831635029
MWM Ultra Aggressive,2024,IMCB,321.0422117146948
MWM Ultra Aggressive,2024,VEU,0.0
MWM Ultra Aggressive,2024,VOO,0.0
MWM Ultra Aggressive,2024,XLG,1569.2105271715072
MWM Ultra Aggressive,2024,XLV,274.93812840895254
MWM Ultra Aggressive,2025,AVUV,0.0
MWM Ultra Aggressive,2025,FBTC,468.65296954524126
MWM Ultra Aggressive,2025,IMCB,365.777286785136
MWM Ultra Aggressive,2025,VEU,0.0
MWM Ultra Aggressive,2025,VOO,0.0
MWM Ultra Aggressive,2025,XLG,1511.887972549614
MWM Ultra Aggressive,2025,XLV,352.83943294322006
MWM Ultra Aggressive,2026,AVUV,0.0
MWM Ultra Aggressive,2026,FBTC,0.0
MWM Ultra Aggressive,2026,IMCB,175.7147095764698
MWM Ultra Aggressive,2026,VEU,0.0
MWM Ultra Aggressive,2026,VOO,0.0
MWM Ultra Aggressive,2026,XLG,831.3719993334416
MWM Ultra Aggressive,2026,XLV,184.19425169863916
Tactical Aggressive,2011,AVUV,187.51497935074164
Tactical Aggressive,2011,IMCB,90.46905612688973
Tactical Aggressive,2011,JBND,93.82332918313602
Tactical Aggressive,2011,PIMIX,543.0367783568079
Tactical Aggressive,2011,TACTICAL,0.0
Tactical Aggressive,2011,VEU,0.0
Tactical Aggressive,2011,XLF,35.8983875418131
Tactical Aggressive,2011,XLV,84.53729540191574
Tactical Aggressive,2012,AVUV,730.7978671277351
Tactical Aggressive,2012,IMCB,89.6842699446126
Tactical Aggressive,2012,JBND,60.598645556927856
Tactical Aggressive,2012,PIMIX,413.2631411658117
Tactical Aggressive,2012,TACTICAL,0.0
Tactical Aggressive,2012,VEU,0.0
Tactical Aggressive,2012,XLF,48.66297877136079
Tactical Aggressive,2012,XLV,76.96604886875406
Tactical Aggressive,2013,AVUV,577.9576926370205
Tactical Aggressive,2013,IMCB,90.61118629496424
Tactical Aggressive,2013,JBND,61.14952747751341
Tactical Aggressive,2013,PIMIX,284.2675158202384
Tactical Aggressive,2013,TACTICAL,0.0
Tactical Aggressive,2013,VEU,0.0
Tactical Aggressive,2013,XLF,43.01208274120551
Tactical Aggressive,2013,XLV,70.18712973930572
Tactical Aggressive,2014,AVUV,365.1065177160444
Tactical Aggressive,2014,IMCB,93.95890789319066
Tactical Aggressive,2014,JBND,52.71414506663981
Tactical Aggressive,2014,PIMIX,327.1657217882317
Tactical Aggressive,2014,TACTICAL,0.0
Tactical Aggressive,2014,VEU,0.0
Tactical Aggressive,2014,XLF,40.37469562995851
Tactical Aggressive,2014,XLV,55.77363383937299
Tactical Aggressive,2015,AVUV,386.11601984037765
Tactical Aggressive,2015,IMCB,80.40288430924437
Tactical Aggressive,2015,JBND,45.609686773786464
Tactical Aggressive,2015,JPIE,173.9466057476463
Tactical Aggressive,2015,PIMIX,341.54253124512263
Tactical Aggressive,2015,TACTICAL,0.0
Tactical Aggressive,2015,VEU,0.0
Tactical Aggressive,2015,XLF,39.75604511185051
Tactical Aggressive,2015,XLV,48.40405019477701
Tactical Aggressive,2016,AVUV,399.44790224915846
Tactical Aggressive,2016,FBTC,228.2953158407331
Tactical Aggressive,2016,IMCB,109.25280129586955
Tactical Aggressive,2016,JBND,50.49813183501582
Tactical Aggressive,2016,JPIE,172.2454911639422
Tactical Aggressive,2016,PIMIX,240.48272465252955
Tactical Aggressive,2016,TACTICAL,0.0
Tactical Aggressive,2016,VEU,0.0
Tactical Aggressive,2016,XLF,40.79264144281549
Tactical Aggressive,2016,XLV,48.6098507396988
Tactical Aggressive,2017,AVUV,413.38897373973344
Tactical Aggressive,2017,FBTC,193.1329224540396
Tactical Aggressive,2017,IMCB,88.4298489740859
Tactical Aggressive,2017,JBND,53.452024019393
Tactical Aggressive,2017,JPIE,166.2303044970618
Tactical Aggressive,2017,PIMIX,233.05056089160047
Tactical Aggressive,2017,TACTICAL,0.0
Tactical Aggressive,2017,VEU,0.0
Tactical Aggressive,2017,XLF,38.15011895959091
Tactical Aggressive,2017,XLV,57.99997458843194
Tactical Aggressive,2018,AVUV,461.56623313268045
Tactical Aggressive,2018,FBTC,215.6310036171709
Tactical Aggressive,2018,IMCB,100.56014387592631
Tactical Aggressive,2018,JBND,56.80381200927168
Tactical Aggressive,2018,JPIE,169.998297576223
Tactical Aggressive,2018,PIMIX,241.83385889503901
Tactical Aggressive,2018,TACTICAL,0.0
Tactical Aggressive,2018,VEU,0.0
Tactical Aggressive,2018,XLF,42.63960787887984
Tactical Aggressive,2018,XLV,60.24808375388925
Tactical Aggressive,2019,AVUV,33.39408617447222
Tactical Aggressive,2019,FBTC,199.97347961533964
Tactical Aggressive,2019,FIKQX,61.80481789633104
Tactical Aggressive,2019,FIWDX,133.30115912872768
Tactical Aggressive,2019,IMCB,96.92156582116004
Tactical Aggressive,2019,JBND,59.49970501490131
Tactical Aggressive,2019,JPIE,150.1651106346177
Tactical Aggressive,2019,PIMIX,226.53095048360981
Tactical Aggressive,2019,TACTICAL,0.0
Tactical Aggressive,2019,VEU,0.0
Tactical Aggressive,2019,XLF,50.75135392909521
Tactical Aggressive,2019,XLV,82.25009355345206
Tactical Aggressive,2020,AVUV,0.0
Tactical Aggressive,2020,FBTC,175.48097123430617
Tactical Aggressive,2020,FIKQX,117.64208986738387
Tactical Aggressive,2020,FIWDX,150.00865451987144
Tactical Aggressive,2020,IMCB,80.64427344825272
Tactical Aggressive,2020,JBND,81.86729978214377
Tactical Aggressive,2020,JPIE,148.56382254730855
Tactical Aggressive,2020,PIMIX,203.87181574637674
Tactical Aggressive,2020,TACTICAL,0.0
Tactical Aggressive,2020,VEU,0.0
Tactical Aggressive,2020,XLF,46.533816170626196
Tactical Aggressive,2020,XLV,60.651494062868245
Tactical Aggressive,2021,AVUV,0.0
Tactical Aggressive,2021,FBTC,263.4724844939327
Tactical Aggressive,2021,FIKQX,45.494242276129725
Tactical Aggressive,2021,FIWDX,175.3503879772307
Tactical Aggressive,2021,IMCB,104.52051908911687
Tactical Aggressive,2021,JBND,63.82903073292266
Tactical Aggressive,2021,JPIE,134.19510236592885
Tactical Aggressive,2021,PIMIX,195.10114407319963
Tactical Aggressive,2021,TACTICAL,0.0
Tactical Aggressive,2021,VEU,0.0
Tactical Aggressive,2021,XLF,62.923720844132866
Tactical Aggressive,2021,XLV,74.20830420196876
Tactical Aggressive,2022,AVUV,0.0
Tactical Aggressive,2022,FBTC,226.86063982194634
Tactical Aggressive,2022,FIKQX,77.89965316319201
Tactical Aggressive,2022,FIWDX,149.54620960717185
Tactical Aggressive,2022,IMCB,137.2600020859603
Tactical Aggressive,2022,JBND,65.65562407502884
Tactical Aggressive,2022,JPIE,175.73070667598847
Tactical Aggressive,2022,PIMIX,326.7196926929487
Tactical Aggressive,2022,TACTICAL,0.0
Tactical Aggressive,2022,VEU,0.0
Tactical Aggressive,2022,XLF,63.925711245092074
Tactical Aggressive,2022,XLV,77.98173303701333
Tactical Aggressive,2023,AVUV,0.0
Tactical Aggressive,2023,FBTC,281.32198629496594
Tactical Aggressive,2023,FIKQX,114.62332575011176
Tactical Aggressive,2023,FIWDX,186.49100264185014
Tactical Aggressive,2023,IMCB,161.42265164254246
Tactical Aggressive,2023,JBND,106.07504915651015
Tactical Aggressive,2023,JPIE,225.97394448457493
Tactical Aggressive,2023,PIMIX,332.5628598939314
Tactical Aggressive,2023,TACTICAL,0.0
Tactical Aggressive,2023,VEU,0.0
Tactical Aggressive,2023,XLF,61.81884278437171
Tactical Aggressive,2023,XLV,81.6354961662857
Tactical Aggressive,2024,AVUV,0.0
Tactical Aggressive,2024,FBTC,322.1196394577808
Tactical Aggressive,2024,FIKQX,144.2726878012649
Tactical Aggressive,2024,FIWDX,205.54519564383014
Tactical Aggressive,2024,IMCB,176.95860374904012
Tactical Aggressive,2024,JBND,140.01333515298884
Tactical Aggressive,2024,JPIE,276.76159769537156
Tactical Aggressive,2024,PIMIX,371.9038561387913
Tactical Aggressive,2024,TACTICAL,0.0
Tactical Aggressive,2024,VEU,0.0
Tactical Aggressive,2024,XLF,72.212980953769
Tactical Aggressive,2024,XLV,103.49738617992307
Tactical Aggressive,2025,AVUV,0.0
Tactical Aggressive,2025,FBTC,240.99193868938676
Tactical Aggressive,2025,FIKQX,164.00528792338383
Tactical Aggressive,2025,FIWDX,238.5867919636562
Tactical Aggressive,2025,IMCB,189.9781398413236
Tactical Aggressive,2025,JBND,156.23389678061187
Tactical Aggressive,2025,JPIE,280.625967582917
Tactical Aggressive,2025,PIMIX,404.9287978665517
Tactical Aggressive,2025,TACTICAL,0.0
Tactical Aggressive,2025,VEU,0.0
Tactical Aggressive,2025,XLF,66.55569495605756
Tactical Aggressive,2025,XLV,125.15519404851418
Tactical Aggressive,2026,AVUV,0.0
Tactical Aggressive,2026,FBTC,0.0
Tactical Aggressive,2026,FIKQX,87.69630069892156
Tactical Aggressive,2026,FIWDX,115.54377032500912
Tactical Aggressive,2026,IMCB,91.00545308752865
Tactical Aggressive,2026,JBND,81.74598481144474
Tactical Aggressive,2026,JPIE,148.608584104912
Tactical Aggressive,2026,PIMIX,161.01778460926784
Tactical Aggressive,2026,TACTICAL,0.0
Tactical Aggressive,2026,VEU,0.0
Tactical Aggressive,2026,XLF,41.58700006628343
Tactical Aggressive,2026,XLV,65.15087239939123
Tactical Balanced,2011,AVUV,104.17498852818981
Tactical Balanced,2011,IMCB,50.260586737160956
Tactical Balanced,2011,JBND,469.1166459156834
Tactical Balanced,2011,PIMIX,2715.1838917840396
Tactical Balanced,2011,TACTICAL,0.0
Tactical Balanced,2011,VEU,0.0
Tactical Balanced,2011,XLF,19.943548634340615
Tactical Balanced,2011,XLV,46.96516411217541
Tactical Balanced,2012,AVUV,328.8069776318683
Tactical Balanced,2012,IMCB,40.351532301960546
Tactical Balanced,2012,JBND,245.38566067829186
Tactical Balanced,2012,PIMIX,1673.4507512002438
Tactical Balanced,2012,TACTICAL,0.0
Tactical Balanced,2012,VEU,0.0
Tactical Balanced,2012,XLF,21.894873660842478
Tactical Balanced,2012,XLV,34.62923887321408
Tactical Balanced,2013,AVUV,205.5065151290328
Tactical Balanced,2013,IMCB,32.21894848777538
Tactical Balanced,2013,JBND,195.68843547558598
Tactical Balanced,2013,PIMIX,909.7022940667786
Tactical Balanced,2013,TACTICAL,0.0
Tactical Balanced,2013,VEU,0.0
Tactical Balanced,2013,XLF,15.29396242181027
Tactical Balanced,2013,XLV,24.956692545820623
Tactical Balanced,2014,AVUV,99.10056812375652
Tactical Balanced,2014,IMCB,25.503190714729108
Tactical Balanced,2014,JBND,128.7734215550908
Tactical Balanced,2014,PIMIX,799.2209559113838
Tactical Balanced,2014,TACTICAL,0.0
Tactical Balanced,2014,VEU,0.0
Tactical Balanced,2014,XLF,10.958871125561418
Tactical Balanced,2014,XLV,15.138592524680488
Tactical Balanced,2015,AVUV,82.15262109886021
Tactical Balanced,2015,IMCB,17.107054228528288
Tactical Balanced,2015,JBND,87.33799197873867
Tactical Balanced,2015,JPIE,333.09036593182924
Tactical Balanced,2015,PIMIX,654.0198138661324
Tactical Balanced,2015,TACTICAL,0.0
Tactical Balanced,2015,VEU,0.0
Tactical Balanced,2015,XLF,8.458761467118759
Tactical Balanced,2015,XLV,10.298768740405123
Tactical Balanced,2016,AVUV,73.01623917146513
Tactical Balanced,2016,IMCB,19.970636032019797
Tactical Balanced,2016,JBND,83.07629820847148
Tactical Balanced,2016,JPIE,283.36727061015483
Tactical Balanced,2016,PIMIX,395.6268048190637
Tactical Balanced,2016,TACTICAL,0.0
Tactical Balanced,2016,VEU,0.0
Tactical Balanced,2016,XLF,7.456605097318947
Tactical Balanced,2016,XLV,8.88553542956188
Tactical Balanced,2017,AVUV,62.98175291781182
Tactical Balanced,2017,IMCB,13.47270307734862
Tactical Balanced,2017,JBND,73.29300356906255
Tactical Balanced,2017,JPIE,227.93371297537954
Tactical Balanced,2017,PIMIX,319.5571337953979
Tactical Balanced,2017,TACTICAL,0.0
Tactical Balanced,2017,VEU,0.0
Tactical Balanced,2017,XLF,5.812349914322688
Tactical Balanced,2017,XLV,8.836568706033866
Tactical Balanced,2018,AVUV,57.2098250675529
Tactical Balanced,2018,IMCB,12.464144529948632
Tactical Balanced,2018,JBND,63.366042042287134
Tactical Balanced,2018,JPIE,189.637260076381
Tactical Balanced,2018,PIMIX,269.77158623597717
Tactical Balanced,2018,TACTICAL,0.0
Tactical Balanced,2018,VEU,0.0
Tactical Balanced,2018,XLF,5.285058421937338
Tactical Balanced,2018,XLV,7.467579048886959
Tactical Balanced,2019,AVUV,3.5596238879044284
Tactical Balanced,2019,FIKQX,59.29244912399733
Tactical Balanced,2019,FIWDX,127.88246070180749
Tactical Balanced,2019,IMCB,10.331299953757615
Tactical Balanced,2019,JBND,57.0810391902849
Tactical Balanced,2019,JPIE,144.0608917809142
Tactical Balanced,2019,PIMIX,217.3224566261117
Tactical Balanced,2019,TACTICAL,0.0
Tactical Balanced,2019,VEU,0.0
Tactical Balanced,2019,XLF,5.40981211001366
Tactical Balanced,2019,XLV,8.767402595344988
Tactical Balanced,2020,AVUV,0.0
Tactical Balanced,2020,FIKQX,109.79180736549901
Tactical Balanced,2020,FIWDX,139.99854404804782
Tactical Balanced,2020,IMCB,8.36254037379367
Tactical Balanced,2020,JBND,76.40427688208487
Tactical Balanced,2020,JPIE,138.65012603043215
Tactical Balanced,2020,PIMIX,190.26740469259877
Tactical Balanced,2020,TACTICAL,0.0
Tactical Balanced,2020,VEU,0.0
Tactical Balanced,2020,XLF,4.8254004882721855
Tactical Balanced,2020,XLV,6.289356282155605
Tactical Balanced,2021,AVUV,0.0
Tactical Balanced,2021,FIKQX,40.05042370183682
Tactical Balanced,2021,FIWDX,154.36804710679485
Tactical Balanced,2021,IMCB,10.223738374157165
Tactical Balanced,2021,JBND,56.19128042214749
Tactical Balanced,2021,JPIE,118.13738265703047
Tactical Balanced,2021,PIMIX,171.75543747751507
Tactical Balanced,2021,TACTICAL,0.0
Tactical Balanced,2021,VEU,0.0
Tactical Balanced,2021,XLF,6.15492216308653
Tactical Balanced,2021,XLV,7.258730572357
Tactical Balanced,2022,AVUV,0.0
Tactical Balanced,2022,FIKQX,62.8211803334367
Tactical Balanced,2022,FIWDX,120.59963068427439
Tactical Balanced,2022,IMCB,12.299063950253466
Tactical Balanced,2022,JBND,52.94713946005863
Tactical Balanced,2022,JPIE,141.71578390840332
Tactical Balanced,2022,PIMIX,263.4789232007362
Tactical Balanced,2022,TACTICAL,0.0
Tactical Balanced,2022,VEU,0.0
Tactical Balanced,2022,XLF,5.728008150374668
Tactical Balanced,2022,XLV,6.987485844369827
Tactical Balanced,2023,AVUV,0.0
Tactical Balanced,2023,FIKQX,91.37573530658136
Tactical Balanced,2023,FIWDX,148.6674058961683
Tactical Balanced,2023,IMCB,14.29814994504681
Tactical Balanced,2023,JBND,84.5611968674574
Tactical Balanced,2023,JPIE,180.1425251124019
Tactical Balanced,2023,PIMIX,265.1133672802005
Tactical Balanced,2023,TACTICAL,0.0
Tactical Balanced,2023,VEU,0.0
Tactical Balanced,2023,XLF,5.475657068981473
Tactical Balanced,2023,XLV,7.230934154201595
Tactical Balanced,2024,AVUV,0.0
Tactical Balanced,2024,FIKQX,109.45443212938017
Tactical Balanced,2024,FIWDX,155.93965156529384
Tactical Balanced,2024,IMCB,14.916893972675236
Tactical Balanced,2024,JBND,106.22301645077309
Tactical Balanced,2024,JPIE,209.96894126416305
Tactical Balanced,2024,PIMIX,282.14990654690644
Tactical Balanced,2024,TACTICAL,0.0
Tactical Balanced,2024,VEU,0.0
Tactical Balanced,2024,XLF,6.087261978320346
Tactical Balanced,2024,XLV,8.72441070050718
Tactical Balanced,2025,AVUV,0.0
Tactical Balanced,2025,FIKQX,120.02434862744184
Tactical Balanced,2025,FIWDX,174.60549387850395
Tactical Balanced,2025,IMCB,15.448013073659702
Tactical Balanced,2025,JBND,114.33699444727677
Tactical Balanced,2025,JPIE,205.37111573390123
Tactical Balanced,2025,PIMIX,296.33992793653175
Tactical Balanced,2025,TACTICAL,0.0
Tactical Balanced,2025,VEU,0.0
Tactical Balanced,2025,XLF,5.411955536918267
Tactical Balanced,2025,XLV,10.1769554934726
Tactical Balanced,2026,AVUV,0.0
Tactical Balanced,2026,FIKQX,62.14423849053651
Tactical Balanced,2026,FIWDX,81.87779372615441
Tactical Balanced,2026,IMCB,7.165467053833378
Tactical Balanced,2026,JBND,57.92766553753482
Tactical Balanced,2026,JPIE,105.30851608054354
Tactical Balanced,2026,PIMIX,114.10204909702865
Tactical Balanced,2026,TACTICAL,0.0
Tactical Balanced,2026,VEU,0.0
Tactical Balanced,2026,XLF,3.2744222322162906
Tactical Balanced,2026,XLV,5.129763259981123
Tactical Conservative,2011,AVUV,62.50499311691389
Tactical Conservative,2011,IMCB,30.15635204229658
Tactical Conservative,2011,JBND,656.7633042819568
Tactical Conservative,2011,PIMIX,3801.2574484976553
Tactical Conservative,2011,TACTICAL,0.0
Tactical Conservative,2011,VEU,0.0
Tactical Conservative,2011,XLF,11.96612918060437
Tactical Conservative,2011,XLV,28.17909846730497
Tactical Conservative,2012,AVUV,167.91048732827596
Tactical Conservative,2012,IMCB,20.606148634870642
Tactical Conservative,2012,JBND,292.3901667702797
Tactical Conservative,2012,PIMIX,1994.0062629282033
Tactical Conservative,2012,TACTICAL,0.0
Tactical Conservative,2012,VEU,0.0
Tactical Conservative,2012,XLF,11.180963776563045
Tactical Conservative,2012,XLV,17.68396892574046
Tactical Conservative,2013,AVUV,87.7872565750772
Tactical Conservative,2013,IMCB,13.763131040880324
Tactical Conservative,2013,JBND,195.05084170785062
Tactical Conservative,2013,PIMIX,906.7382941156218
Tactical Conservative,2013,TACTICAL,0.0
Tactical Conservative,2013,VEU,0.0
Tactical Conservative,2013,XLF,6.533199214292795
Tactical Conservative,2013,XLV,10.660876471043496
Tactical Conservative,2014,AVUV,34.451494526852116
Tactical Conservative,2014,IMCB,8.865973747279973
Tactical Conservative,2014,JBND,104.45637323553031
Tactical Conservative,2014,PIMIX,648.2993265238471
Tactical Conservative,2014,TACTICAL,0.0
Tactical Conservative,2014,VEU,0.0
Tactical Conservative,2014,XLF,3.809761091694996
Tactical Conservative,2014,XLV,5.262806736455462
Tactical Conservative,2015,AVUV,23.69212466367016
Tactical Conservative,2015,IMCB,4.933530494696306
Tactical Conservative,2015,JBND,58.770931319054704
Tactical Conservative,2015,JPIE,224.14107052041987
Tactical Conservative,2015,PIMIX,440.0988927176673
Tactical Conservative,2015,TACTICAL,0.0
Tactical Conservative,2015,VEU,0.0
Tactical Conservative,2015,XLF,2.4394356321031325
Tactical Conservative,2015,XLV,2.9700782472462146
Tactical Conservative,2016,AVUV,18.685578695082008
Tactical Conservative,2016,IMCB,5.110683532889747
Tactical Conservative,2016,JBND,49.60677733426745
Tactical Conservative,2016,JPIE,169.2051451510587
Tactical Conservative,2016,PIMIX,236.23790704874824
Tactical Conservative,2016,TACTICAL,0.0
Tactical Conservative,2016,VEU,0.0
Tactical Conservative,2016,XLF,1.9082190883169126
Tactical Conservative,2016,XLV,2.2738965112558356
Tactical Conservative,2017,AVUV,14.479817045844174
Tactical Conservative,2017,IMCB,3.097441189475352
Tactical Conservative,2017,JBND,39.317657537188325
Tactical Conservative,2017,JPIE,122.27387651675656
Tactical Conservative,2017,PIMIX,171.42479279477044
Tactical Conservative,2017,TACTICAL,0.0
Tactical Conservative,2017,VEU,0.0
Tactical Conservative,2017,XLF,1.3362880432313098
Tactical Conservative,2017,XLV,2.0315709272711455
Tactical Conservative,2018,AVUV,11.623474932911856
Tactical Conservative,2018,IMCB,2.532373964314332
Tactical Conservative,2018,JBND,30.039917111246158
Tactical Conservative,2018,JPIE,89.90126872839315
Tactical Conservative,2018,PIMIX,127.89052035299956
Tactical Conservative,2018,TACTICAL,0.0
Tactical Conservative,2018,VEU,0.0
Tactical Conservative,2018,XLF,1.073779617641313
Tactical Conservative,2018,XLV,1.5172082379518326
Tactical Conservative,2019,AVUV,0.6649532844264364
Tactical Conservative,2019,FIKQX,25.844206223081354
Tactical Conservative,2019,FIWDX,55.74100472356729
Tactical Conservative,2019,IMCB,1.929931940278704
Tactical Conservative,2019,JBND,24.880303817041188
Tactical Conservative,2019,JPIE,62.79280837397712
Tactical Conservative,2019,PIMIX,94.72582881854197
Tactical Conservative,2019,TACTICAL,0.0
Tactical Conservative,2019,VEU,0.0
Tactical Conservative,2019,XLF,1.0105765226789816
Tactical Conservative,2019,XLV,1.637789085378782
Tactical Conservative,2020,AVUV,0.0
Tactical Conservative,2020,FIKQX,47.34357203071755
Tactical Conservative,2020,FIWDX,60.369086850619844
Tactical Conservative,2020,IMCB,1.54544135609246
Tactical Conservative,2020,JBND,32.94645996654353
Tactical Conservative,2020,JPIE,59.78763248643416
Tactical Conservative,2020,PIMIX,82.04563523737372
Tactical Conservative,2020,TACTICAL,0.0
Tactical Conservative,2020,VEU,0.0
Tactical Conservative,2020,XLF,0.8917593387835022
Tactical Conservative,2020,XLV,1.162306053804281
Tactical Conservative,2021,AVUV,0.0
Tactical Conservative,2021,FIKQX,16.61668184888875
Tactical Conservative,2021,FIWDX,64.04638176874613
Tactical Conservative,2021,IMCB,1.8179005952351857
Tactical Conservative,2021,JBND,23.31342700411164
Tactical Conservative,2021,JPIE,49.014495244460306
Tactical Conservative,2021,PIMIX,71.26030629857424
Tactical Conservative,2021,TACTICAL,0.0
Tactical Conservative,2021,VEU,0.0
Tactical Conservative,2021,XLF,1.0944173505245487
Tactical Conservative,2021,XLV,1.290687432054651
Tactical Conservative,2022,AVUV,0.0
Tactical Conservative,2022,FIKQX,24.959549559005506
Tactical Conservative,2022,FIWDX,47.91556673856011
Tactical Conservative,2022,IMCB,2.094237470545349
Tactical Conservative,2022,JBND,21.036483942940475
Tactical Conservative,2022,JPIE,56.30524789538928
Tactical Conservative,2022,PIMIX,104.68308946882237
Tactical Conservative,2022,TACTICAL,0.0
Tactical Conservative,2022,VEU,0.0
Tactical Conservative,2022,XLF,0.9753432739779009
Tactical Conservative,2022,XLV,1.1898023084824094
Tactical Conservative,2023,AVUV,0.0
Tactical Conservative,2023,FIKQX,35.865970377686196
Tactical Conservative,2023,FIWDX,58.3535744813358
Tactical Conservative,2023,IMCB,2.4052197571027927
Tactical Conservative,2023,JBND,33.19118989055592
Tactical Conservative,2023,JPIE,70.70790125808861
Tactical Conservative,2023,PIMIX,104.05988138642591
Tactical Conservative,2023,TACTICAL,0.0
Tactical Conservative,2023,VEU,0.0
Tactical Conservative,2023,XLF,0.9211092774975572
Tactical Conservative,2023,XLV,1.216380144063312
Tactical Conservative,2024,AVUV,0.0
Tactical Conservative,2024,FIKQX,41.731293935741846
Tactical Conservative,2024,FIWDX,59.454544773629635
Tactical Conservative,2024,IMCB,2.4374185737319207
Tactical Conservative,2024,JBND,40.499263812437945
Tactical Conservative,2024,JPIE,80.05409589000367
Tactical Conservative,2024,PIMIX,107.5742704519545
Tactical Conservative,2024,TACTICAL,0.0
Tactical Conservative,2024,VEU,0.0
Tactical Conservative,2024,XLF,0.9946578313359952
Tactical Conservative,2024,XLV,1.425567596393378
Tactical Conservative,2025,AVUV,0.0
Tactical Conservative,2025,FIKQX,44.78052276291329
Tactical Conservative,2025,FIWDX,65.14449261812845
Tactical Conservative,2025,IMCB,2.4701063063964606
Tactical Conservative,2025,JBND,42.65859753492331
Tactical Conservative,2025,JPIE,76.62300215028357
Tactical Conservative,2025,PIMIX,110.56304025205004
Tactical Conservative,2025,TACTICAL,0.0
Tactical Conservative,2025,VEU,0.0
Tactical Conservative,2025,XLF,0.8653608355933438
Tactical Conservative,2025,XLV,1.6272747714853655
Tactical Conservative,2026,AVUV,0.0
Tactical Conservative,2026,FIKQX,22.743586986116384
Tactical Conservative,2026,FIWDX,29.965685783174674
Tactical Conservative,2026,IMCB,1.1238951776438229
Tactical Conservative,2026,JBND,21.200402998842907
Tactical Conservative,2026,JPIE,38.540876097812486
Tactical Conservative,2026,PIMIX,41.75913877080623
Tactical Conservative,2026,TACTICAL,0.0
Tactical Conservative,2026,VEU,0.0
Tactical Conservative,2026,XLF,0.5135893206554942
Tactical Conservative,2026,XLV,0.8045974040537744
Tactical Growth,2011,AVUV,166.6799816451037
Tactical Growth,2011,IMCB,80.41693877945755
Tactical Growth,2011,JBND,187.64665836627276
Tactical Growth,2011,PIMIX,1086.073556713616
Tactical Growth,2011,TACTICAL,0.0
Tactical Growth,2011,VEU,0.0
Tactical Growth,2011,XLF,31.90967781494499
Tactical Growth,2011,XLV,75.14426257948041
Tactical Growth,2012,AVUV,614.1168150496698
Tactical Growth,2012,IMCB,75.36505057808762
Tactical Growth,2012,JBND,114.57745018061132
Tactical Growth,2012,PIMIX,781.3811106376336
Tactical Growth,2012,TACTICAL,0.0
Tactical Growth,2012,VEU,0.0
Tactical Growth,2012,XLF,40.89332341835402
Tactical Growth,2012,XLV,64.6774531294229
Tactical Growth,2013,AVUV,456.9310532375978
Tactical Growth,2013,IMCB,71.6368435204286
Tactical Growth,2013,JBND,108.77528976652462
Tactical Growth,2013,PIMIX,505.6667267940405
Tactical Growth,2013,TACTICAL,0.0
Tactical Growth,2013,VEU,0.0
Tactical Growth,2013,XLF,34.0051815543961
Tactical Growth,2013,XLV,55.48966563482766
Tactical Growth,2014,AVUV,269.66628634815754
Tactical Growth,2014,IMCB,69.39769226631878
Tactical Growth,2014,JBND,87.60255119764165
Tactical Growth,2014,PIMIX,543.697557018803
Tactical Growth,2014,TACTICAL,0.0
Tactical Growth,2014,VEU,0.0
Tactical Growth,2014,XLF,29.82059674277254
Tactical Growth,2014,XLV,41.194193978489636
Tactical Growth,2015,AVUV,267.7520207154339
Tactical Growth,2015,IMCB,55.75535237841008
Tactical Growth,2015,JBND,71.16304849663527
Tactical Growth,2015,JPIE,271.40223089098737
Tactical Growth,2015,PIMIX,532.895738469075
Tactical Growth,2015,TACTICAL,0.0
Tactical Growth,2015,VEU,0.0
Tactical Growth,2015,XLF,27.568815763594902
Tactical Growth,2015,XLV,33.56577190405267
Tactical Growth,2016,AVUV,265.21586338526726
Tactical Growth,2016,FBTC,151.5780630129467
Tactical Growth,2016,IMCB,72.53906168937486
Tactical Growth,2016,JBND,75.43921874855414
Tactical Growth,2016,JPIE,257.31774254188446
Tactical Growth,2016,PIMIX,359.2574261872147
Tactical Growth,2016,TACTICAL,0.0
Tactical Growth,2016,VEU,0.0
Tactical Growth,2016,XLF,27.084522309679336
Tactical Growth,2016,XLV,32.2748059518325
Tactical Growth,2017,AVUV,262.9364057780475
Tactical Growth,2017,FBTC,122.84235839209225
Tactical Growth,2017,IMCB,56.24588010269628
Tactical Growth,2017,JBND,76.49596126784175
Tactical Growth,2017,JPIE,237.89458243405795
Tactical Growth,2017,PIMIX,333.5220135526507
Tactical Growth,2017,TACTICAL,0.0
Tactical Growth,2017,VEU,0.0
Tactical Growth,2017,XLF,24.265415375000448
Tactical Growth,2017,XLV,36.89093280727367
Tactical Growth,2018,AVUV,279.78318034711685
Tactical Growth,2018,FBTC,130.70697906991492
Tactical Growth,2018,IMCB,60.95557874503939
Tactical Growth,2018,JBND,77.47250034266924
Tactical Growth,2018,JPIE,231.85403763179482
Tactical Growth,2018,PIMIX,329.8277536911926
Tactical Growth,2018,TACTICAL,0.0
Tactical Growth,2018,VEU,0.0
Tactical Growth,2018,XLF,25.84644249242051
Tactical Growth,2018,XLV,36.52000357148536
Tactical Growth,2019,AVUV,19.537717070254047
Tactical Growth,2019,FBTC,116.99752003591007
Tactical Growth,2019,FIKQX,81.35965567341651
Tactical Growth,2019,FIWDX,175.47720026895146
Tactical Growth,2019,IMCB,56.70543344490119
Tactical Growth,2019,JBND,78.32521278198931
Tactical Growth,2019,JPIE,197.67684965735054
Tactical Growth,2019,PIMIX,298.20458595368365
Tactical Growth,2019,TACTICAL,0.0
Tactical Growth,2019,VEU,0.0
Tactical Growth,2019,XLF,29.692850069871973
Tactical Growth,2019,XLV,48.12166586782381
Tactical Growth,2020,AVUV,0.0
Tactical Growth,2020,FBTC,102.06078744593539
Tactical Growth,2020,FIKQX,153.94802951821578
Tactical Growth,2020,FIWDX,196.3033536725327
Tactical Growth,2020,IMCB,46.9031940799114
Tactical Growth,2020,JBND,107.13265547769183
Tactical Growth,2020,JPIE,194.41262701669285
Tactical Growth,2020,PIMIX,266.78941477353845
Tactical Growth,2020,TACTICAL,0.0
Tactical Growth,2020,VEU,0.0
Tactical Growth,2020,XLF,27.064347135947678
Tactical Growth,2020,XLV,35.275273440124586
Tactical Growth,2021,AVUV,0.0
Tactical Growth,2021,FBTC,150.75210009879243
Tactical Growth,2021,FIKQX,58.56889876786166
Tactical Growth,2021,FIWDX,225.74459115087285
Tactical Growth,2021,IMCB,59.80392140896649
Tactical Growth,2021,JBND,82.17294876034833
Tactical Growth,2021,JPIE,172.76162811786767
Tactical Growth,2021,PIMIX,251.17154578289848
Tactical Growth,2021,TACTICAL,0.0
Tactical Growth,2021,VEU,0.0
Tactical Growth,2021,XLF,36.00331579786516
Tactical Growth,2021,XLV,42.46006077144807
Tactical Growth,2022,AVUV,0.0
Tactical Growth,2022,FBTC,127.19321598297543
Tactical Growth,2022,FIKQX,98.27042579758735
Tactical Growth,2022,FIWDX,188.65256901369497
Tactical Growth,2022,IMCB,76.95711827686682
Tactical Growth,2022,JBND,82.82458100735194
Tactical Growth,2022,JPIE,221.6843165473812
Tactical Growth,2022,PIMIX,412.15694824894973
Tactical Growth,2022,TACTICAL,0.0
Tactical Growth,2022,VEU,0.0
Tactical Growth,2022,XLF,35.84102030058605
Tactical Growth,2022,XLV,43.72176425442665
Tactical Growth,2023,AVUV,0.0
Tactical Growth,2023,FBTC,157.0035021795747
Tactical Growth,2023,FIKQX,143.9332686908434
Tactical Growth,2023,FIWDX,234.17798616480945
Tactical Growth,2023,IMCB,90.08866307526904
Tactical Growth,2023,JBND,133.19914120205607
Tactical Growth,2023,JPIE,283.7569775242387
Tactical Growth,2023,PIMIX,417.60138398062253
Tactical Growth,2023,TACTICAL,0.0
Tactical Growth,2023,VEU,0.0
Tactical Growth,2023,XLF,34.50059110438097
Tactical Growth,2023,XLV,45.56010345681041
Tactical Growth,2024,AVUV,0.0
Tactical Growth,2024,FBTC,177.44573256734375
Tactical Growth,2024,FIKQX,178.8195492946615
Tactical Growth,2024,FIWDX,254.76408462940108
Tactical Growth,2024,IMCB,97.48101397728747
Tactical Growth,2024,JBND,173.54027202839947
Tactical Growth,2024,JPIE,343.0336324649988
Tactical Growth,2024,PIMIX,460.95821010345117
Tactical Growth,2024,TACTICAL,0.0
Tactical Growth,2024,VEU,0.0
Tactical Growth,2024,XLF,39.779894599977226
Tactical Growth,2024,XLV,57.013504486766095
Tactical Growth,2025,AVUV,0.0
Tactical Growth,2025,FBTC,131.4709575970389
Tactical Growth,2025,FIKQX,201.31108051139861
Tactical Growth,2025,FIWDX,292.8574163315354
Tactical Growth,2025,IMCB,103.64084418456501
Tactical Growth,2025,JBND,191.7719542561588
Tactical Growth,2025,JPIE,344.4591175625063
Tactical Growth,2025,PIMIX,497.0367410761661
Tactical Growth,2025,TACTICAL,0.0
Tactical Growth,2025,VEU,0.0
Tactical Growth,2025,XLF,36.3088533043726
Tactical Growth,2025,XLV,68.27727640719613
Tactical Growth,2026,AVUV,0.0
Tactical Growth,2026,FBTC,0.0
Tactical Growth,2026,FIKQX,106.71299981146669
Tactical Growth,2026,FIWDX,140.59911584229963
Tactical Growth,2026,IMCB,49.21765897774971
Tactical Growth,2026,JBND,99.47237445876827
Tactical Growth,2026,JPIE,180.83394260853674
Tactical Growth,2026,PIMIX,195.93404375907545
Tactical Growth,2026,TACTICAL,0.0
Tactical Growth,2026,VEU,0.0
Tactical Growth,2026,XLF,22.491122429788632
Tactical Growth,2026,XLV,35.23495912681236
Tactical Growth Plus,2011,AVUV,177.09748049792273
Tactical Growth Plus,2011,IMCB,85.44299745317365
Tactical Growth Plus,2011,JBND,140.73499377470506
Tactical Growth Plus,2011,PIMIX,814.5551675352121
Tactical Growth Plus,2011,TACTICAL,0.0
Tactical Growth Plus,2011,VEU,0.0
Tactical Growth Plus,2011,XLF,33.90403267837887
Tactical Growth Plus,2011,XLV,79.84077899069796
Tactical Growth Plus,2012,AVUV,671.3485508054565
Tactical Growth Plus,2012,IMCB,82.38858837123169
Tactical Growth Plus,2012,JBND,88.41552798542563
Tactical Growth Plus,2012,PIMIX,602.9652723634716
Tactical Growth Plus,2012,TACTICAL,0.0
Tactical Growth Plus,2012,VEU,0.0
Tactical Growth Plus,2012,XLF,44.70431804136516
Tactical Growth Plus,2012,XLV,70.70497560747302
Tactical Growth Plus,2013,AVUV,515.2278919408133
Tactical Growth Plus,2013,IMCB,80.77651893169102
Tactical Growth Plus,2013,JBND,86.57874081680019
Tactical Growth Plus,2013,PIMIX,402.48100991273117
Tactical Growth Plus,2013,TACTICAL,0.0
Tactical Growth Plus,2013,VEU,0.0
Tactical Growth Plus,2013,XLF,38.343679824767044
Tactical Growth Plus,2013,XLV,62.569228436016466
Tactical Growth Plus,2014,AVUV,314.77509403093404
Tactical Growth Plus,2014,IMCB,81.00628893764407
Tactical Growth Plus,2014,JBND,72.1809820767168
Tactical Growth Plus,2014,PIMIX,447.98493972839117
Tactical Growth Plus,2014,TACTICAL,0.0
Tactical Growth Plus,2014,VEU,0.0
Tactical Growth Plus,2014,XLF,34.80887904410032
Tactical Growth Plus,2014,XLV,48.08501076907498
Tactical Growth Plus,2015,AVUV,322.7144837273502
Tactical Growth Plus,2015,IMCB,67.2004629871984
Tactical Growth Plus,2015,JBND,60.54420336098612
Tactical Growth Plus,2015,JPIE,230.90399029864582
Tactical Growth Plus,2015,PIMIX,453.37782236240116
Tactical Growth Plus,2015,TACTICAL,0.0
Tactical Growth Plus,2015,VEU,0.0
Tactical Growth Plus,2015,XLF,33.227970128294444
Tactical Growth Plus,2015,XLV,40.45594398123609
Tactical Growth Plus,2016,AVUV,326.75747325454125
Tactical Growth Plus,2016,FBTC,186.75076309058915
Tactical Growth Plus,2016,IMCB,89.37127744671741
Tactical Growth Plus,2016,JBND,65.60780966142104
Tactical Growth Plus,2016,JPIE,223.78351413558278
Tactical Growth Plus,2016,PIMIX,312.4381883553701
Tactical Growth Plus,2016,TACTICAL,0.0
Tactical Growth Plus,2016,VEU,0.0
Tactical Growth Plus,2016,XLF,33.369308914078495
Tactical Growth Plus,2016,XLV,39.7639639951765
Tactical Growth Plus,2017,AVUV,331.05533467208124
Tactical Growth Plus,2017,FBTC,154.66712549395157
Tactical Growth Plus,2017,IMCB,70.81749903070474
Tactical Growth Plus,2017,JBND,67.98618937439973
Tactical Growth Plus,2017,JPIE,211.4300659073451
Tactical Growth Plus,2017,PIMIX,296.4194501004837
Tactical Growth Plus,2017,TACTICAL,0.0
Tactical Growth Plus,2017,VEU,0.0
Tactical Growth Plus,2017,XLF,30.551856005474008
Tactical Growth Plus,2017,XLV,46.448265962784006
Tactical Growth Plus,2018,AVUV,360.9519268029844
Tactical Growth Plus,2018,FBTC,168.6267769325874
Tactical Growth Plus,2018,IMCB,78.63958644731923
Tactical Growth Plus,2018,JBND,70.55172863392715
Tactical Growth Plus,2018,JPIE,211.14205780537247
Tactical Growth Plus,2018,PIMIX,300.36358800133394
Tactical Growth Plus,2018,TACTICAL,0.0
Tactical Growth Plus,2018,VEU,0.0
Tactical Growth Plus,2018,XLF,33.34483226285121
Tactical Growth Plus,2018,XLV,47.114932497461524
Tactical Growth Plus,2019,AVUV,25.660277403931488
Tactical Growth Plus,2019,FBTC,153.6611881980973
Tactical Growth Plus,2019,FIKQX,75.42736868667694
Tactical Growth Plus,2019,FIWDX,162.68239302685163
Tactical Growth Plus,2019,IMCB,74.47529039724286
Tactical Growth Plus,2019,JBND,72.61418024781406
Tactical Growth Plus,2019,JPIE,183.2633692524037
Tactical Growth Plus,2019,PIMIX,276.4611902866701
Tactical Growth Plus,2019,TACTICAL,0.0
Tactical Growth Plus,2019,VEU,0.0
Tactical Growth Plus,2019,XLF,38.99773791208606
Tactical Growth Plus,2019,XLV,63.20161618000155
Tactical Growth Plus,2020,AVUV,0.0
Tactical Growth Plus,2020,FBTC,134.4423323942033
Tactical Growth Plus,2020,FIKQX,143.14743900143725
Tactical Growth Plus,2020,FIWDX,182.53122455387796
Tactical Growth Plus,2020,IMCB,61.7845008513346
Tactical Growth Plus,2020,JBND,99.61650898065155
Tactical Growth Plus,2020,JPIE,180.77314632785365
Tactical Growth Plus,2020,PIMIX,248.07216823132808
Tactical Growth Plus,2020,TACTICAL,0.0
Tactical Growth Plus,2020,VEU,0.0
Tactical Growth Plus,2020,XLF,35.65124319279461
Tactical Growth Plus,2020,XLV,46.46730792319114
Tactical Growth Plus,2021,AVUV,0.0
Tactical Growth Plus,2021,FBTC,200.21905038017417
Tactical Growth Plus,2021,FIKQX,54.90873131731146
Tactical Growth Plus,2021,FIWDX,211.63705247333903
Tactical Growth Plus,2021,IMCB,79.42764542362585
Tactical Growth Plus,2021,JBND,77.03768484561387
Tactical Growth Plus,2021,JPIE,161.96517298137329
Tactical Growth Plus,2021,PIMIX,235.47499119984752
Tactical Growth Plus,2021,TACTICAL,0.0
Tactical Growth Plus,2021,VEU,0.0
Tactical Growth Plus,2021,XLF,47.81724231279076
Tactical Growth Plus,2021,XLV,56.39266743994047
Tactical Growth Plus,2022,AVUV,0.0
Tactical Growth Plus,2022,FBTC,170.66325938394485
Tactical Growth Plus,2022,FIKQX,93.07461531083243
Tactical Growth Plus,2022,FIWDX,178.67802185488273
Tactical Growth Plus,2022,IMCB,103.25827943279434
Tactical Growth Plus,2022,JBND,78.44543211218542
Tactical Growth Plus,2022,JPIE,209.96329583013596
Tactical Growth Plus,2022,PIMIX,390.365148971396
Tactical Growth Plus,2022,TACTICAL,0.0
Tactical Growth Plus,2022,VEU,0.0
Tactical Growth Plus,2022,XLF,48.09018544639071
Tactical Growth Plus,2022,XLV,58.66428280794189
Tactical Growth Plus,2023,AVUV,0.0
Tactical Growth Plus,2023,FBTC,211.147596948172
Tactical Growth Plus,2023,FIKQX,136.6376285717133
Tactical Growth Plus,2023,FIWDX,222.3080527823424
Tactical Growth Plus,2023,IMCB,121.15656311194842
Tactical Growth Plus,2023,JBND,126.44758885265027
Tactical Growth Plus,2023,JPIE,269.3740012454493
Tactical Growth Plus,2023,PIMIX,396.43414836869994
Tactical Growth Plus,2023,TACTICAL,0.0
Tactical Growth Plus,2023,VEU,0.0
Tactical Growth Plus,2023,XLF,46.398435728201115
Tactical Growth Plus,2023,XLV,61.271922142301875
Tactical Growth Plus,2024,AVUV,0.0
Tactical Growth Plus,2024,FBTC,240.20399663487103
Tactical Growth Plus,2024,FIKQX,170.86849349135682
Tactical Growth Plus,2024,FIWDX,243.43622108452507
Tactical Growth Plus,2024,IMCB,131.95769103366655
Tactical Growth Plus,2024,JBND,165.82395469922062
Tactical Growth Plus,2024,JPIE,327.78094021240133
Tactical Growth Plus,2024,PIMIX,440.4621040234359
Tactical Growth Plus,2024,TACTICAL,0.0
Tactical Growth Plus,2024,VEU,0.0
Tactical Growth Plus,2024,XLF,53.84908123953897
Tactical Growth Plus,2024,XLV,77.17780214682779
Tactical Growth Plus,2025,AVUV,0.0
Tactical Growth Plus,2025,FBTC,178.8381408043434
Tactical Growth Plus,2025,FIKQX,193.29931927888524
Tactical Growth Plus,2025,FIWDX,281.20230182487956
Tactical Growth Plus,2025,IMCB,140.98121915389248
Tactical Growth Plus,2025,JBND,184.13983035771466
Tactical Growth Plus,2025,JPIE,330.7503629462052
Tactical Growth Plus,2025,PIMIX,477.25571519734854
Tactical Growth Plus,2025,TACTICAL,0.0
Tactical Growth Plus,2025,VEU,0.0
Tactical Growth Plus,2025,XLF,49.39043525942833
Tactical Growth Plus,2025,XLV,92.87664283447975
Tactical Growth Plus,2026,AVUV,0.0
Tactical Growth Plus,2026,FBTC,0.0
Tactical Growth Plus,2026,FIKQX,102.91317084306789
Tactical Growth Plus,2026,FIWDX,135.5926724450313
Tactical Growth Plus,2026,IMCB,67.24225340318588
Tactical Growth Plus,2026,JBND,95.93036916708328
Tactical Growth Plus,2026,JPIE,174.39482033845044
Tactical Growth Plus,2026,PIMIX,188.95723815257392
Tactical Growth Plus,2026,TACTICAL,0.0
Tactical Growth Plus,2026,VEU,0.0
Tactical Growth Plus,2026,XLF,30.727868516249842
Tactical Growth Plus,2026,XLV,48.13877984987291
Tactical Moderate,2011,AVUV,145.8449839394658
Tactical Moderate,2011,IMCB,70.36482143202535
Tactical Moderate,2011,JBND,281.4699875494101
Tactical Moderate,2011,PIMIX,1629.1103350704243
Tactical Moderate,2011,TACTICAL,0.0
Tactical Moderate,2011,VEU,0.0
Tactical Moderate,2011,XLF,27.92096808807687
Tactical Moderate,2011,XLV,65.75122975704531
Tactical Moderate,2012,AVUV,528.8684002699207
Tactical Moderate,2012,IMCB,64.90327696412471
Tactical Moderate,2012,JBND,169.15272134097336
Tactical Moderate,2012,PIMIX,1153.5667887567772
Tactical Moderate,2012,TACTICAL,0.0
Tactical Moderate,2012,VEU,0.0
Tactical Moderate,2012,XLF,35.21673077171185
Tactical Moderate,2012,XLV,55.69927468493771
Tactical Moderate,2013,AVUV,384.5885218249316
Tactical Moderate,2013,IMCB,60.29510921289821
Tactical Moderate,2013,JBND,156.9491974997944
Tactical Moderate,2013,PIMIX,729.6141168000481
Tactical Moderate,2013,TACTICAL,0.0
Tactical Moderate,2013,VEU,0.0
Tactical Moderate,2013,XLF,28.621391380010333
Tactical Moderate,2013,XLV,46.70439518576823
Tactical Moderate,2014,AVUV,219.9880326433489
Tactical Moderate,2014,IMCB,56.61316436102699
Tactical Moderate,2014,JBND,122.51023178197994
Tactical Moderate,2014,PIMIX,760.3490174549022
Tactical Moderate,2014,TACTICAL,0.0
Tactical Moderate,2014,VEU,0.0
Tactical Moderate,2014,XLF,24.327009870353443
Tactical Moderate,2014,XLV,33.60534908674664
Tactical Moderate,2015,AVUV,213.44769269957197
Tactical Moderate,2015,IMCB,44.44728853595251
Tactical Moderate,2015,JBND,97.25153339264968
Tactical Moderate,2015,JPIE,370.89871327789325
Tactical Moderate,2015,PIMIX,728.2561497766101
Tactical Moderate,2015,TACTICAL,0.0
Tactical Moderate,2015,VEU,0.0
Tactical Moderate,2015,XLF,21.977425602524022
Tactical Moderate,2015,XLV,26.758104560542627
Tactical Moderate,2016,AVUV,211.0767765155301
Tactical Moderate,2016,IMCB,57.73150639414193
Tactical Moderate,2016,JBND,102.92511108096446
Tactical Moderate,2016,JPIE,351.07014194435743
Tactical Moderate,2016,PIMIX,490.15102635443213
Tactical Moderate,2016,TACTICAL,0.0
Tactical Moderate,2016,VEU,0.0
Tactical Moderate,2016,XLF,21.55570028737447
Tactical Moderate,2016,XLV,25.68648012234805
Tactical Moderate,2017,AVUV,200.5702889651281
Tactical Moderate,2017,IMCB,42.9048704454361
Tactical Moderate,2017,JBND,100.03168643930677
Tactical Moderate,2017,JPIE,311.08827029875414
Tactical Moderate,2017,PIMIX,436.13765913064344
Tactical Moderate,2017,TACTICAL,0.0
Tactical Moderate,2017,VEU,0.0
Tactical Moderate,2017,XLF,18.50988020932717
Tactical Moderate,2017,XLV,28.140740082961003
Tactical Moderate,2018,AVUV,203.373217875091
Tactical Moderate,2018,IMCB,44.30835399553677
Tactical Moderate,2018,JBND,96.53903123107234
Tactical Moderate,2018,JPIE,288.9149579655191
Tactical Moderate,2018,PIMIX,411.0006992627199
Tactical Moderate,2018,TACTICAL,0.0
Tactical Moderate,2018,VEU,0.0
Tactical Moderate,2018,XLF,18.78767041601832
Tactical Moderate,2018,XLV,26.546237103774935
Tactical Moderate,2019,AVUV,13.673434533713438
Tactical Moderate,2019,FIKQX,97.61040335052209
Tactical Moderate,2019,FIWDX,210.52695166050486
Tactical Moderate,2019,IMCB,39.685190911847876
Tactical Moderate,2019,JBND,93.96986195288814
Tactical Moderate,2019,JPIE,237.16075084642975
Tactical Moderate,2019,PIMIX,357.76786018804626
Tactical Moderate,2019,TACTICAL,0.0
Tactical Moderate,2019,VEU,0.0
Tactical Moderate,2019,XLF,20.780485257814394
Tactical Moderate,2019,XLV,33.6778573223737
Tactical Moderate,2020,AVUV,0.0
Tactical Moderate,2020,FIKQX,182.67942338991494
Tactical Moderate,2020,FIWDX,232.93954180921568
Tactical Moderate,2020,IMCB,32.466443023741085
Tactical Moderate,2020,JBND,127.12687385569618
Tactical Moderate,2020,JPIE,230.6959479395328
Tactical Moderate,2020,PIMIX,316.5804499731909
Tactical Moderate,2020,TACTICAL,0.0
Tactical Moderate,2020,VEU,0.0
Tactical Moderate,2020,XLF,18.733971139938518
Tactical Moderate,2020,XLV,24.417583445158296
Tactical Moderate,2021,AVUV,0.0
Tactical Moderate,2021,FIKQX,69.16053215726387
Tactical Moderate,2021,FIWDX,266.5683730455485
Tactical Moderate,2021,IMCB,41.19435658576606
Tactical Moderate,2021,JBND,97.03315214654104
Tactical Moderate,2021,JPIE,204.00394045898236
Tactical Moderate,2021,PIMIX,296.59355279938836
Tactical Moderate,2021,TACTICAL,0.0
Tactical Moderate,2021,VEU,0.0
Tactical Moderate,2021,XLF,24.799936096244576
Tactical Moderate,2021,XLV,29.247494860931983
Tactical Moderate,2022,AVUV,0.0
Tactical Moderate,2022,FIKQX,113.07930749802154
Tactical Moderate,2022,FIWDX,217.08160607476543
Tactical Moderate,2022,IMCB,51.65660895952173
Tactical Moderate,2022,JBND,95.30584800167935
Tactical Moderate,2022,JPIE,255.09107948696243
Tactical Moderate,2022,PIMIX,474.26702296463776
Tactical Moderate,2022,TACTICAL,0.0
Tactical Moderate,2022,VEU,0.0
Tactical Moderate,2022,XLF,24.05788589584167
Tactical Moderate,2022,XLV,29.34774754670379
Tactical Moderate,2023,AVUV,0.0
Tactical Moderate,2023,FIKQX,166.46521141404426
Tactical Moderate,2023,FIWDX,270.8372312392296
Tactical Moderate,2023,IMCB,60.77839599365156
Tactical Moderate,2023,JBND,154.05071671091724
Tactical Moderate,2023,JPIE,328.1775345159481
Tactical Moderate,2023,PIMIX,482.97452912326
Tactical Moderate,2023,TACTICAL,0.0
Tactical Moderate,2023,VEU,0.0
Tactical Moderate,2023,XLF,23.275854214921225
Tactical Moderate,2023,XLV,30.737163976961206
Tactical Moderate,2024,AVUV,0.0
Tactical Moderate,2024,FIKQX,205.11271800016866
Tactical Moderate,2024,FIWDX,292.2239433735193
Tactical Moderate,2024,IMCB,65.22505073975684
Tactical Moderate,2024,JBND,199.0571893209465
Tactical Moderate,2024,JPIE,393.47241953073853
Tactical Moderate,2024,PIMIX,528.7363251487307
Tactical Moderate,2024,TACTICAL,0.0
Tactical Moderate,2024,VEU,0.0
Tactical Moderate,2024,XLF,26.6169332656945
Tactical Moderate,2024,XLV,38.14803079363853
Tactical Moderate,2025,AVUV,0.0
Tactical Moderate,2025,FIKQX,229.74061228778538
Tactical Moderate,2025,FIWDX,334.21529490631383
Tactical Moderate,2025,IMCB,68.99503353362648
Tactical Moderate,2025,JBND,218.85435256973136
Tactical Moderate,2025,JPIE,393.104286042712
Tactical Moderate,2025,PIMIX,567.2292103061766
Tactical Moderate,2025,TACTICAL,0.0
Tactical Moderate,2025,VEU,0.0
Tactical Moderate,2025,XLF,24.17126733203313
Tactical Moderate,2025,XLV,45.45305484882132
Tactical Moderate,2026,AVUV,0.0
Tactical Moderate,2026,FIKQX,121.21965473338805
Tactical Moderate,2026,FIWDX,159.71227786993393
Tactical Moderate,2026,IMCB,32.6132035383562
Tactical Moderate,2026,JBND,112.99473268210508
Tactical Moderate,2026,JPIE,205.41666081744455
Tactical Moderate,2026,PIMIX,222.56948241501422
Tactical Moderate,2026,TACTICAL,0.0
Tactical Moderate,2026,VEU,0.0
Tactical Moderate,2026,XLF,14.903340972401564
Tactical Moderate,2026,XLV,23.347816973332435
Tactical Ultra Aggressive,2011,AVUV,359.3282213001329
Tactical Ultra Aggressive,2011,IMCB,99.5226187709346
Tactical Ultra Aggressive,2011,TACTICAL,0.0
Tactical Ultra Aggressive,2011,VEU,0.0
Tactical Ultra Aggressive,2011,XLV,136.17118588737247
Tactical Ultra Aggressive,2012,AVUV,1480.8097402245937
Tactical Ultra Aggressive,2012,IMCB,104.32409912979625
Tactical Ultra Aggressive,2012,TACTICAL,0.0
Tactical Ultra Aggressive,2012,VEU,0.0
Tactical Ultra Aggressive,2012,XLV,131.09396300148376
Tactical Ultra Aggressive,2013,AVUV,1243.5073247567652
Tactical Ultra Aggressive,2013,IMCB,111.91814162960648
Tactical Ultra Aggressive,2013,TACTICAL,0.0
Tactical Ultra Aggressive,2013,VEU,0.0
Tactical Ultra Aggressive,2013,XLV,126.93789461647847
Tactical Ultra Aggressive,2014,AVUV,849.2010137030338
Tactical Ultra Aggressive,2014,IMCB,125.45710248816913
Tactical Ultra Aggressive,2014,TACTICAL,0.0
Tactical Ultra Aggressive,2014,VEU,0.0
Tactical Ultra Aggressive,2014,XLV,109.04389811603204
Tactical Ultra Aggressive,2015,AVUV,951.2119052765125
Tactical Ultra Aggressive,2015,IMCB,113.7096858675117
Tactical Ultra Aggressive,2015,TACTICAL,0.0
Tactical Ultra Aggressive,2015,VEU,0.0
Tactical Ultra Aggressive,2015,XLV,100.23575552452724
Tactical Ultra Aggressive,2016,AVUV,1016.5792877212953
Tactical Ultra Aggressive,2016,FBTC,336.88388923999827
Tactical Ultra Aggressive,2016,IMCB,159.61733967915148
Tactical Ultra Aggressive,2016,TACTICAL,0.0
Tactical Ultra Aggressive,2016,VEU,0.0
Tactical Ultra Aggressive,2016,XLV,103.9888819408834
Tactical Ultra Aggressive,2017,AVUV,1101.0580002198865
Tactical Ultra Aggressive,2017,FBTC,298.2701205919022
Tactical Ultra Aggressive,2017,IMCB,135.2124139281359
Tactical Ultra Aggressive,2017,TACTICAL,0.0
Tactical Ultra Aggressive,2017,VEU,0.0
Tactical Ultra Aggressive,2017,XLV,129.8555812773202
Tactical Ultra Aggressive,2018,AVUV,1281.0453683798435
Tactical Ultra Aggressive,2018,FBTC,347.0114576851882
Tactical Ultra Aggressive,2018,IMCB,160.22221884831657
Tactical Ultra Aggressive,2018,TACTICAL,0.0
Tactical Ultra Aggressive,2018,VEU,0.0
Tactical Ultra Aggressive,2018,XLV,140.55788980264907
Tactical Ultra Aggressive,2019,AVUV,95.77188262184931
Tactical Ultra Aggressive,2019,FBTC,332.5393120173674
Tactical Ultra Aggressive,2019,IMCB,159.57147429443773
Tactical Ultra Aggressive,2019,TACTICAL,0.0
Tactical Ultra Aggressive,2019,VEU,0.0
Tactical Ultra Aggressive,2019,XLV,198.28340617193783
Tactical Ultra Aggressive,2020,AVUV,0.0
Tactical Ultra Aggressive,2020,FBTC,293.3752782060726
Tactical Ultra Aggressive,2020,IMCB,133.48463058898875
Tactical Ultra Aggressive,2020,TACTICAL,0.0
Tactical Ultra Aggressive,2020,VEU,0.0
Tactical Ultra Aggressive,2020,XLV,146.9989959288802
Tactical Ultra Aggressive,2021,AVUV,0.0
Tactical Ultra Aggressive,2021,FBTC,443.90191413954693
Tactical Ultra Aggressive,2021,IMCB,174.34823463057222
Tactical Ultra Aggressive,2021,TACTICAL,0.0
Tactical Ultra Aggressive,2021,VEU,0.0
Tactical Ultra Aggressive,2021,XLV,181.25234662950368
Tactical Ultra Aggressive,2022,AVUV,0.0
Tactical Ultra Aggressive,2022,FBTC,391.5538095742463
Tactical Ultra Aggressive,2022,IMCB,234.55275998346076
Tactical Ultra Aggressive,2022,TACTICAL,0.0
Tactical Ultra Aggressive,2022,VEU,0.0
Tactical Ultra Aggressive,2022,XLV,195.1212472692328
Tactical Ultra Aggressive,2023,AVUV,0.0
Tactical Ultra Aggressive,2023,FBTC,487.7753907303237
Tactical Ultra Aggressive,2023,IMCB,277.10536411128106
Tactical Ultra Aggressive,2023,TACTICAL,0.0
Tactical Ultra Aggressive,2023,VEU,0.0
Tactical Ultra Aggressive,2023,XLV,205.19871026236987
Tactical Ultra Aggressive,2024,AVUV,0.0
Tactical Ultra Aggressive,2024,FBTC,564.2289115969643
Tactical Ultra Aggressive,2024,IMCB,306.88386841548964
Tactical Ultra Aggressive,2024,TACTICAL,0.0
Tactical Ultra Aggressive,2024,VEU,0.0
Tactical Ultra Aggressive,2024,XLV,262.81303000751785
Tactical Ultra Aggressive,2025,AVUV,0.0
Tactical Ultra Aggressive,2025,FBTC,422.45050683101266
Tactical Ultra Aggressive,2025,IMCB,329.7168912417112
Tactical Ultra Aggressive,2025,TACTICAL,0.0
Tactical Ultra Aggressive,2025,VEU,0.0
Tactical Ultra Aggressive,2025,XLV,318.05452427084475
Tactical Ultra Aggressive,2026,AVUV,0.0
Tactical Ultra Aggressive,2026,FBTC,0.0
Tactical Ultra Aggressive,2026,IMCB,158.52029018393117
Tactical Ultra Aggressive,2026,TACTICAL,0.0
Tactical Ultra Aggressive,2026,VEU,0.0
Tactical Ultra Aggressive,2026,XLV,166.17007363730892
VOO Benchmark,2011,VOO,0.0
VOO Benchmark,2012,VOO,0.0
VOO Benchmark,2013,VOO,0.0
VOO Benchmark,2014,VOO,0.0
VOO Benchmark,2015,VOO,0.0
VOO Benchmark,2016,VOO,0.0
VOO Benchmark,2017,VOO,0.0
VOO Benchmark,2018,VOO,0.0
VOO Benchmark,2019,VOO,0.0
VOO Benchmark,2020,VOO,0.0
VOO Benchmark,2021,VOO,0.0
VOO Benchmark,2022,VOO,0.0
VOO Benchmark,2023,VOO,0.0
VOO Benchmark,2024,VOO,0.0
VOO Benchmark,2025,VOO,0.0
VOO Benchmark,2026,VOO,0.0
